Barcode,Cluster
AAACAAGTATCTCCCA-1,2
AAACAATCTACTAGCA-1,3
AAACACCAATAACTGC-1,6
AAACAGAGCGACTCCT-1,4
AAACAGCTTTCAGAAG-1,6
AAACAGGGTCTATATT-1,6
AAACATTTCCCGGATT-1,2
AAACCACTACACAGAT-1,4
AAACCCGAACGAAATC-1,2
AAACCGGAAATGTTAA-1,1
AAACCGGGTAGGTACC-1,6
AAACCGTTCGTCCAGG-1,1
AAACCTAAGCAGCCGG-1,1
AAACCTCATGAAGTTG-1,6
AAACGAAGAACATACC-1,7
AAACGACAGTCTTGCC-1,4
AAACGAGACGGTTGAT-1,8
AAACGCCCGAGATCGG-1,4
AAACGGGTTGGTATCC-1,3
AAACGTGTTCGCCCTA-1,4
AAACTAACGTGGCGAC-1,4
AAACTCGGTTCGCAAT-1,1
AAACTCGTGATATAAG-1,4
AAACTGCTGGCTCCAA-1,1
AAACTTGCAAACGTAT-1,6
AAAGACATGAAGTTTA-1,7
AAAGACCCAAGTCGCG-1,3
AAAGACTGGGCGCTTT-1,1
AAAGCTTGCCTACATA-1,5
AAAGGCTACGGACCAT-1,6
AAAGGCTCTCGCGCCG-1,2
AAAGGGATGTAGCAAG-1,3
AAAGGGCAGCTTGAAT-1,5
AAAGGTAAGCTGTACC-1,4
AAAGGTCAACGACATG-1,7
AAAGTAGCATTGCTCA-1,1
AAAGTCACTGATGTAA-1,3
AAAGTCGACCCTCAGT-1,6
AAAGTGTGATTTATCT-1,2
AAAGTTGACTCCCGTA-1,1
AAATAACCATACGGGA-1,4
AAATAAGGTAGTGCCC-1,1
AAATACCTATAAGCAT-1,2
AAATAGCTTAGACTTT-1,1
AAATAGGGTGCTATTG-1,1
AAATCACTCCTAAACG-1,4
AAATCCGATACACGCC-1,2
AAATCGTGTACCACAA-1,1
AAATCTAGCCCTGCTA-1,2
AAATGATTCGATCAGC-1,4
AAATGCTCGTTACGTT-1,3
AAATGGCATGTCTTGT-1,1
AAATGGCCCGTGCCCT-1,6
AAATGGTCAATGTGCC-1,5
AAATGTATCTTATCCC-1,5
AAATGTGGGTGCTCCT-1,3
AAATTAACGGGTAGCT-1,5
AAATTAATAAGCGCGA-1,1
AAATTACACGACTCTG-1,3
AAATTACCTATCGATG-1,5
AAATTCCAGGTCCAAA-1,2
AAATTGATAGTCCTTT-1,1
AAATTGCGGCGGTTCT-1,4
AAATTGGTGAGAAGCA-1,8
AAATTTACCGAAATCC-1,5
AAATTTGCGGGTGTGG-1,1
AACAACTGGTAGTTGC-1,5
AACAATACATTGTCGA-1,2
AACAATTACTCTACGC-1,5
AACACACGCTCGCCGC-1,2
AACACGACTGTACTGA-1,7
AACACGAGACGCGGCC-1,1
AACACGCGGCCGCGAA-1,3
AACAGCTGTGTGGCAA-1,1
AACAGGAAATCGAATA-1,7
AACAGGATGGGCCGCG-1,1
AACAGGTAGTATGGAT-1,2
AACATATCAACTGGTG-1,5
AACATCGATACGTCTA-1,4
AACATTGTGACTCGAG-1,6
AACCAAGACTTCTCTG-1,1
AACCAGTATCACTCTT-1,3
AACCATGGGATCGCTA-1,3
AACCCAGAGACGGAGA-1,3
AACCCATCCCATGATC-1,6
AACCCGAGCAGAATCG-1,2
AACCCGATAGGGCTTC-1,1
AACCCTACTGTCAATA-1,1
AACCCTGGTGGAACCA-1,3
AACCGAGCTTGGTCAT-1,4
AACCGCTAAGGGATGC-1,2
AACCGTTGTGTTTGCT-1,3
AACCTAAAGCCGTCCG-1,7
AACCTCGCTTTAGCCC-1,1
AACCTGTCACGGAATT-1,2
AACCTTTAAATACGGT-1,1
AACCTTTACGACGTCT-1,4
AACGATAATGCCGTAG-1,1
AACGATAGAAGGGCCG-1,3
AACGATATGTCAACTG-1,8
AACGCATGATCTGGGT-1,4
AACGCGAACGGCAACA-1,7
AACGCGGTCTCCAGCC-1,3
AACGCTGTTGCTGAAA-1,2
AACGGACGTACGTATA-1,1
AACGGCCATCTCCGGT-1,1
AACGTACTGTGGGTAC-1,1
AACGTAGTCTACCCAT-1,3
AACGTCAGACTAGTGG-1,7
AACGTGATGAAGGACA-1,3
AACGTGCGAAAGTCTC-1,1
AACGTTATCAGCACCT-1,5
AACTACCCGTTTGTCA-1,1
AACTAGCGTATCGCAC-1,3
AACTAGGCTTGGGTGT-1,5
AACTCAAGTTAATTGC-1,1
AACTCCAGAGCGTGTT-1,2
AACTCCTAATCCCATG-1,5
AACTCGATGGCGCAGT-1,3
AACTCTCAATAGAGCG-1,1
AACTCTCAGTGTGCTC-1,1
AACTGAGGTCAGCGTC-1,4
AACTGAGTTATACTGA-1,2
AACTGATATTAGGCCT-1,7
AACTGGGTCCCGACGT-1,7
AACTGGGTTCGAGCCG-1,7
AACTGGTGTGGGCCTT-1,2
AACTTCTGCGTCTATC-1,4
AACTTGCCCGTATGCA-1,6
AACTTGCGTTCTCGCG-1,7
AACTTTACGGGAGCTT-1,1
AACTTTAGCTGCTGAG-1,3
AACTTTCTCGATCATG-1,4
AAGAAATCACCAGATT-1,4
AAGAAGGATCAGTTAG-1,3
AAGACCCAACTGAACA-1,1
AAGACTAACCCGTTGT-1,7
AAGACTCACGCCCACT-1,3
AAGACTGCAAGCTACT-1,1
AAGAGATGAATCGGTA-1,5
AAGAGCTCTTTATCGG-1,8
AAGAGGATGTACGCGA-1,6
AAGAGGCATGGATCGC-1,2
AAGAGGCCCTTTGGAA-1,2
AAGATGGCACCGGACC-1,1
AAGATTGGCGGAACGT-1,4
AAGCACCCTGCGTATC-1,1
AAGCATACTCTCCTGA-1,2
AAGCCGAAGCGGTTTA-1,2
AAGCCGCTTTACCTTG-1,4
AAGCGGAGTGCGCGCA-1,8
AAGCGGCGTCATGGGT-1,4
AAGCGTCCCTCATCGA-1,1
AAGCTAGATCGAGTAA-1,6
AAGCTCGTGCCAAGTC-1,1
AAGCTCTTTCATGGTG-1,1
AAGGAGAACTTATAAG-1,7
AAGGAGCGGTTGGTGC-1,5
AAGGATCGATCGCTTG-1,2
AAGGATGAGGGACCTC-1,8
AAGGCAGGCTGTCTCC-1,2
AAGGCGCGTAAAGCTT-1,3
AAGGCTGTGCTCATCG-1,5
AAGGGACAGATTCTGT-1,5
AAGGGACTATGCATTC-1,6
AAGGTATCCTAATATA-1,4
AAGGTGATAAACCAGC-1,2
AAGTAAGCTTCCAAAC-1,3
AAGTAGAAGACCGGGT-1,3
AAGTAGTGACGCGAGG-1,5
AAGTCAATTGTCGTCA-1,2
AAGTCTAGTAGCTGCC-1,4
AAGTCTTCTGTGGCCT-1,6
AAGTGACGACCGAATT-1,6
AAGTGAGTCGGGTTTA-1,2
AAGTGCAAAGGTAGAC-1,1
AAGTGCCTTGACTGTA-1,1
AAGTGCGTTAGAATCT-1,6
AAGTGTTTGGAGACGG-1,1
AAGTTCACTCCAAGCT-1,2
AAGTTCAGTCTGCGTA-1,8
AAGTTCGGCCAACAGG-1,6
AAGTTTACTAATGGCA-1,7
AAGTTTATGGGCCCAA-1,1
AATAACAACGCTCGGC-1,6
AATAACACTAGAACAA-1,1
AATAAGTCCTCGAGAC-1,7
AATAATCTTCGTATCG-1,2
AATACAATGTTTCAGG-1,5
AATAGAACAGAGTGGC-1,1
AATAGAATCTGTTTCA-1,2
AATAGCAAGCCTCCTG-1,4
AATAGCTACCGCGTGC-1,8
AATAGTCCGTCCCGAC-1,2
AATAGTCGCGAGTCGG-1,5
AATATCAAGGTCGGAT-1,3
AATATCCTAGCAAACT-1,6
AATATCGAATCAATGC-1,2
AATATCGAGGGTTCTC-1,5
AATATTGGAGTATTGA-1,6
AATCAGACTGCAGGAC-1,3
AATCATGTAAAGACTC-1,1
AATCCAAGGGCCTGAG-1,3
AATCCATGCAAGGGTG-1,3
AATCGCCTCAGCGCCA-1,1
AATCGCGCAGAGGACT-1,2
AATCGGGACACTACGA-1,7
AATCTAGGTTTACTTG-1,6
AATCTATGCCGGAGCC-1,5
AATCTCTACTGTGGTT-1,6
AATCTGCGTTGGGACG-1,8
AATCTGGCTTTCTAGT-1,6
AATCTGGGTAGACCCT-1,7
AATGACAGCAATGTCT-1,1
AATGACGTAGGATGTC-1,1
AATGACTGTCAGCCGG-1,3
AATGAGTTCGCATATG-1,3
AATGATGATACGCTAT-1,1
AATGATGCGACTCCTG-1,4
AATGCAACCGGGTACC-1,3
AATGCACCAAGCAATG-1,4
AATGGCCGCCAATGCG-1,7
AATGGTCCACCGTTCA-1,1
AATGGTTCTCACAAGC-1,3
AATGTGCCCGAGGTGT-1,1
AATGTGCTAATCTGAG-1,6
AATTAAAGGTCGGCGT-1,5
AATTAACGGATTTCCA-1,2
AATTAGCGCTGCAGCG-1,2
AATTCATAAGGGATCT-1,2
AATTCGATTCGAGGAT-1,1
AATTCTAGAGTTAGGC-1,1
AATTGAACGCTCTGGT-1,1
AATTGCAGCAATCGAC-1,1
AATTTGGGACATAGTA-1,8
AATTTGGTTCCAAAGA-1,5
ACAAACCGACAAGGCG-1,3
ACAAAGAAGGTAGGCC-1,6
ACAAAGCATGACCTAG-1,2
ACAAATCGCACCGAAT-1,2
ACAAATGGTAGTGTTT-1,1
ACAAATTCAGATCTGA-1,4
ACAACAGCATGAGCTA-1,8
ACAACGGTCCCTGCGA-1,3
ACAAGCAGTGCCTAGC-1,1
ACAAGCTATATGGAAG-1,6
ACAAGGAAATCCGCCC-1,1
ACAAGGACAAGAGGTT-1,1
ACAAGGATGCTTTAGG-1,1
ACAAGGCCTACCAGCC-1,4
ACAAGGGCAGGCTCTG-1,2
ACAATAGTCGTACGTT-1,1
ACAATCCATTTAAACC-1,1
ACAATCGATCTTTATA-1,7
ACAATGAATACGGAGA-1,6
ACAATGATTCTTCTAC-1,4
ACAATTGTGTCTCTTT-1,1
ACAATTTAGGAGGCTC-1,2
ACAATTTGAGCAGTGG-1,4
ACAATTTGGCCATATT-1,1
ACACAAAGACGGGTGG-1,3
ACACAAATATTCCTAG-1,8
ACACACCAGGACCAGT-1,1
ACACACTTTCTACACG-1,3
ACACCACATAATTAGC-1,2
ACACCCAGCATGCAGC-1,7
ACACCCGAGAAATCCG-1,3
ACACCCGTAAATCTGT-1,7
ACACCGAGCGCTCTTT-1,3
ACACCTTAAGTAGGGC-1,4
ACACCTTACTACTTGC-1,1
ACACGAGACTCCTTCT-1,8
ACACGGCACTATGCAT-1,3
ACACGGGAACTTAGGG-1,4
ACACGTAGGCCACAAG-1,2
ACACTCCAATGTCACT-1,3
ACACTGATCAAGGTGT-1,1
ACACTGGGACAGTCGT-1,2
ACAGAACTGAGAACAA-1,1
ACAGATTAGGTTAGTG-1,7
ACAGCATAGAGCCAGT-1,7
ACAGCGACATTCTCAT-1,1
ACAGCGCACCCGCAGC-1,3
ACAGGCTTGCCCGACT-1,2
ACAGGTGGAGGTGAGG-1,6
ACAGGTGTGTTGTTGC-1,4
ACAGTAATACAACTTG-1,6
ACAGTATACCGTGGGA-1,4
ACAGTGCAGCGCATTT-1,3
ACATAATAAGGCGGTG-1,3
ACATCAGCTGGGACGC-1,1
ACATCCCGGCCATACG-1,1
ACATCCTGGTAACTGT-1,2
ACATCGATCGTTTACC-1,1
ACATCGGTCAGCCGCG-1,1
ACATCGTATGCAATGG-1,1
ACATCGTTAACCTAGT-1,7
ACATCTCAACGCGTAA-1,7
ACATGGCGCCAAAGTA-1,1
ACATTAGTTTATATCC-1,1
ACCAAACACCCAGCGA-1,4
ACCAAACTAGAAATCC-1,7
ACCAACACCACACACT-1,4
ACCAACGCTTATTTAT-1,6
ACCAAGAACGCGTGTC-1,8
ACCAATATGCAAGTTA-1,2
ACCACAACTCAGAACA-1,7
ACCACAAGTTTCTATC-1,5
ACCACCAATGTAACAA-1,2
ACCACCCTCTCTTCTA-1,4
ACCACGTGCAGCTATA-1,1
ACCAGACCATAACAAC-1,6
ACCAGCCCGGTCTTTG-1,3
ACCAGGAGTGTGATCT-1,3
ACCAGTGCCCGGTCAA-1,4
ACCAGTGCGGGAGACG-1,1
ACCATATCCGCAATAA-1,5
ACCATCCGCCAACTAG-1,6
ACCATCGTATATGGTA-1,1
ACCCAACGCCCGTGGC-1,8
ACCCACCTACATGCTC-1,5
ACCCATCTTGAGGGTA-1,1
ACCCATTTGTCCCTCT-1,1
ACCCGAGCGAAATTAC-1,6
ACCCGGAAACTCCCAG-1,1
ACCCGGAGCACCACAA-1,2
ACCCGGATGACGCATC-1,1
ACCCGGTTACACTTCC-1,1
ACCCGTGTCATCAGTA-1,2
ACCCTATAGGACTGAG-1,3
ACCCTATGCCATATCG-1,1
ACCCTCCCTTGCTATT-1,2
ACCCTGGTAACGCCCT-1,4
ACCCTTCATCTGCGAA-1,3
ACCCTTGCCTGGGTCG-1,4
ACCCTTTAGTTCTCCA-1,7
ACCGAAAGGGCCCTGC-1,7
ACCGAAGAGTCTGGTT-1,6
ACCGACACATCTCCCA-1,1
ACCGACTGAGTCCCAC-1,5
ACCGATAGGCATAACC-1,2
ACCGATATTTAATCAT-1,2
ACCGATGGTAGCATCG-1,1
ACCGCAATAACTGCCT-1,1
ACCGCGGTGGAAGTCG-1,2
ACCGGGCCTTTGTTGA-1,1
ACCGGTCAGGTACACC-1,6
ACCGGTCTGAGTACGG-1,5
ACCGTGACCACGTGGG-1,6
ACCGTTCCCGCTCTGA-1,7
ACCTAAGTACCTTTCA-1,6
ACCTAATCGACTTCCT-1,1
ACCTACAGTATGTGGT-1,2
ACCTCCGCCCTCGCTG-1,2
ACCTCCGTTATTCACC-1,2
ACCTGCGTGTCATGTT-1,6
ACCTTTCCTTTAGAAG-1,7
ACGACCCATGAGTTGC-1,8
ACGACTGGTCATACTC-1,6
ACGAGAACCCATCACG-1,3
ACGAGATATTTGCTTA-1,7
ACGAGGATACCACTCT-1,6
ACGAGGTTTACAACGT-1,6
ACGAGTACGGATGCCC-1,5
ACGATACATAGAACTA-1,2
ACGATACCTATCCTGA-1,5
ACGATCATACATAGAG-1,4
ACGATCATCTTGTAAA-1,2
ACGATGCATATGTTAT-1,1
ACGATGGATCCGATGC-1,3
ACGCAAACTAATAGAT-1,6
ACGCAATCACTACAGC-1,4
ACGCATAAATGACATG-1,4
ACGCATACGTTTACTA-1,2
ACGCATTCGTGAGTAC-1,4
ACGCCAGATGATTTCT-1,3
ACGCCCAGCTGTCGAT-1,3
ACGCCGCTAGACGACC-1,1
ACGCGAAGTCAGACGA-1,1
ACGCGCTACACAGGGT-1,6
ACGCGGGCCAAGGACA-1,5
ACGCGTTTCTTAAGAG-1,1
ACGCTAGTATCAGTGC-1,7
ACGCTAGTGATACACT-1,5
ACGCTGTGAGGCGTAG-1,6
ACGCTTAGTGTCTCTC-1,7
ACGGAATTTAGCAAAT-1,3
ACGGACTCTCAAAGCG-1,1
ACGGAGCGCAAATTAC-1,4
ACGGATGGTGCGGATA-1,1
ACGGCACTTGCTTGGG-1,5
ACGGCCAACATGGACT-1,1
ACGGCGACGATGGGAA-1,1
ACGGCGGGTTGCCCTG-1,3
ACGGGAGTGTCGGCCC-1,6
ACGGGCGTATGCGACA-1,4
ACGGGTCATGTGACTT-1,3
ACGTACAGATTTCTCT-1,3
ACGTAGATTGCTGATG-1,8
ACGTATTACTCCGATC-1,2
ACGTCCTAAACGAGAT-1,7
ACGTCTCGTTCCGGGA-1,6
ACGTGACAAAGTAAGT-1,6
ACGTGCGCCTCGTGCA-1,3
ACGTGGTCGAATGTGC-1,7
ACGTTAATGTCGAAGA-1,1
ACGTTAGATTTGCCCG-1,1
ACGTTATTGGTCACTC-1,3
ACGTTCCGCGCTCCGT-1,7
ACGTTCGCAATCAATT-1,2
ACGTTCGTTCAGGAAA-1,1
ACGTTTAGTTGTGATC-1,3
ACTAAGGACGCACACC-1,4
ACTAATACGTCAGGCG-1,4
ACTACCAGCTCTCTGG-1,3
ACTACGCGTTAGAATT-1,2
ACTAGTTGCGATCGTC-1,2
ACTATATGCTGTGTTC-1,8
ACTATCCAGGGCATGG-1,1
ACTATCTGCCCGCGTA-1,2
ACTATTCGTCCGTGGT-1,3
ACTATTTCCGGGCCCA-1,1
ACTCAACGAATGTATT-1,3
ACTCAAGTGCAAGGCT-1,2
ACTCAATAAAGGCACG-1,5
ACTCAGACCTGCTTCT-1,3
ACTCCAATATCATCAT-1,6
ACTCCCATTCCTAAAG-1,6
ACTCCCGAATTCGTTT-1,2
ACTCCCGTAGACTAGG-1,4
ACTCCCTAATGCTAAA-1,1
ACTCCCTAGAATAGTA-1,1
ACTCGATGTATTTCAT-1,3
ACTCGCGATCTGACGC-1,2
ACTCGTAACCCGTCCT-1,6
ACTCGTCAGTAATCCC-1,1
ACTCTAAACCTGGGAT-1,5
ACTCTCTGACTTAGGT-1,1
ACTCTCTTATACACGA-1,3
ACTCTTCAGCTCCCGC-1,2
ACTCTTGTATAGTAAC-1,5
ACTGAAACGCCGTTAG-1,2
ACTGAATGGCGAAAGT-1,2
ACTGATTTAGTGATTC-1,7
ACTGCCGTCGTAACTC-1,3
ACTGCGGACACACCGT-1,1
ACTGCTCGGAAGGATG-1,6
ACTGGCGAACCTGCGT-1,8
ACTGTACGATACACAT-1,8
ACTGTAGCACTTTGGA-1,5
ACTGTATACGCGAGCA-1,3
ACTGTCCAGGATTATA-1,4
ACTGTCTTCTTTAGAA-1,8
ACTGTGCTAGTAGATC-1,3
ACTGTTTAGTGTAGGC-1,3
ACTTACCGGGCGCGCA-1,4
ACTTACGCATCCACGC-1,1
ACTTAGTACGACAAGA-1,3
ACTTATACTTACCCGG-1,1
ACTTATCTGATCTATA-1,3
ACTTATTAGGATCGGT-1,5
ACTTATTTATGTGCCA-1,1
ACTTCAGGCTGATCCC-1,1
ACTTCCATGCGGGACA-1,2
ACTTCCTGTCGTGCGA-1,4
ACTTCGCCATACGCAC-1,5
ACTTCGCTAGCGAGTG-1,2
ACTTGACTCCCTCTTT-1,1
ACTTGCCATATTGTAC-1,3
ACTTGGGACCCGGTGG-1,5
ACTTGTAGTCCCTTCA-1,6
ACTTGTGGATGGAACG-1,2
ACTTTACCCTCATGAA-1,1
ACTTTCCTATAGCTTC-1,4
ACTTTGACTGCATCCT-1,6
ACTTTGTCGACGCACT-1,2
AGAAATTATGACTCGC-1,2
AGAACCCAGCGTGACA-1,2
AGAACGTGGTACATTC-1,4
AGAAGAGCGCCGTTCC-1,4
AGAAGGTACACTTCAC-1,6
AGAAGGTTGCCGAATT-1,1
AGAAGGTTGTAGGTCG-1,1
AGAAGTGATTCGTGAT-1,1
AGAATAAATCTTCAGG-1,6
AGAATGCGGGTTCGGA-1,4
AGAATTATGGATTCGA-1,1
AGAATTGTTTGACATA-1,3
AGACAGCTCAGAATCC-1,5
AGACAGGCATCTCAGC-1,1
AGACATAGATCCTTCC-1,3
AGACCAAACCACACCT-1,6
AGACCATGGGATACAA-1,5
AGACCCACCGCTGATC-1,1
AGACCCGCCCTCCTCG-1,3
AGACCGCTCCGCGGTT-1,2
AGACCGGGAAACCCTG-1,1
AGACGAAGTGCCGGTC-1,1
AGACGACGATGCCGCT-1,1
AGACGCCCACTTCGCC-1,2
AGACGGGATTGGTATA-1,7
AGACGGGCCGATTTAA-1,4
AGACTAGCCTTCCAGA-1,5
AGACTGTTACCGGGTC-1,6
AGAGAACCGTCTAGGA-1,4
AGAGAAGGAGTACAAT-1,1
AGAGATCTCTAAAGCG-1,6
AGAGCAGTTATGAGAC-1,8
AGAGCCGCCGAGATTT-1,2
AGAGCGCTTGTAACGG-1,4
AGAGCGGGCTAATCAT-1,7
AGAGCGTACAAGCTCG-1,5
AGAGCTACGAAAGCAT-1,3
AGAGGCTTCGGAAACC-1,2
AGAGGGACAATTGTCC-1,5
AGAGGTATCTCGGTCC-1,3
AGAGTAAACTTCACTA-1,1
AGAGTATAGTGTTACG-1,5
AGAGTGAACAGACACC-1,7
AGAGTTAGAGACCGAT-1,4
AGAGTTGCAGGCCTCC-1,4
AGATAACTTCAGGGCC-1,1
AGATACCAGCACTTCA-1,4
AGATACCGGTGTTCAC-1,1
AGATACGACTTCATAT-1,3
AGATACTCAAGATCGA-1,1
AGATATAATACGACTA-1,1
AGATCGTGCATAAGAT-1,5
AGATCTCAGGTGTGAT-1,8
AGATGACTCGCCCACG-1,7
AGATGAGGGTTGCGAT-1,2
AGATGATGGAGTCTGG-1,1
AGATGCAAGACGTGCA-1,6
AGATGCATCCTGTGTC-1,6
AGATTATAGGACGTTT-1,5
AGATTCAAGCGGGTCG-1,4
AGATTCACAACCGATA-1,6
AGCAAAGGCCGCTAGT-1,2
AGCAACATATCTTATT-1,2
AGCAACCGAAAGTAAT-1,6
AGCACCAGTACTCACG-1,4
AGCACTACCGGCCTGT-1,6
AGCACTACCTCACCAG-1,1
AGCACTTAAGGACGCC-1,1
AGCAGAAGGAGAAAGA-1,2
AGCAGCCAGATGAATA-1,2
AGCATATCAATATGCT-1,2
AGCATCATTTCGAAAG-1,6
AGCATCGTCGATAATT-1,3
AGCCAAGCTTTGTGTC-1,6
AGCCACAGGTTACCCG-1,1
AGCCACTCCCGTGCTT-1,2
AGCCCATACATGTAAG-1,6
AGCCCGGTAGCCTGTA-1,2
AGCCCTAAGCGAAGTT-1,1
AGCCCTGTCGCACCGT-1,2
AGCCCTTCTAATCCGA-1,4
AGCCCTTGGACATCCC-1,2
AGCCGCAAATTCAAAT-1,6
AGCCGTGGCTAAATGT-1,6
AGCCTAATACCCACGT-1,6
AGCCTTAAAGCGGAAG-1,3
AGCGACAGGAACGGTC-1,1
AGCGACATCCCATTCA-1,3
AGCGACCAACGATATT-1,3
AGCGCATAATGAATCG-1,1
AGCGCGGGTGCCAATG-1,4
AGCGCTAGAGCGATGT-1,1
AGCGCTTATGGGCAAG-1,5
AGCGGACACTTCGTAG-1,2
AGCGGCGGTTAGCGGT-1,6
AGCGGGAAGGGTCCAT-1,7
AGCGGGTCTGACACTC-1,6
AGCGGTTGAGATGTAC-1,7
AGCGGTTGCCGCTCTG-1,4
AGCGTACGAGAGCTAG-1,3
AGCGTAGCGCTAGACC-1,3
AGCGTCTGAACCCGCA-1,7
AGCGTGGTATTCTACT-1,1
AGCGTTCCGATTTAAA-1,7
AGCTAACAAGCAATGT-1,6
AGCTAAGTACGCAGGC-1,2
AGCTAGAAGCAGAAGT-1,4
AGCTATTTAATCCAAC-1,3
AGCTCCATATATGTTC-1,2
AGCTCCTTCGCACATC-1,2
AGCTCGTTGATGGAAA-1,4
AGCTCTAGACGTTCCA-1,1
AGCTCTTCCCAGTGCA-1,4
AGCTCTTCGTAACCTT-1,1
AGCTCTTTACTCAGTT-1,5
AGCTGAAGTAAACCAA-1,8
AGCTGCATTTGAGGTG-1,7
AGCTGCTGTGCCGAAT-1,7
AGCTGTAACCTCAATC-1,1
AGCTTATAGAGACCTG-1,4
AGCTTCAATACTTTGA-1,7
AGCTTGATCTTAACTT-1,1
AGGAAGCTGTCCGCCG-1,1
AGGACAGTCGAATCCC-1,2
AGGACATCGCACGTCG-1,7
AGGACGACCCATTAGA-1,1
AGGACGCTCGATGTTG-1,4
AGGAGACATCCACAGT-1,4
AGGAGAGTCTGGCTAC-1,5
AGGAGGCCTTCGCGCG-1,2
AGGATAAAGTCGGGAT-1,2
AGGATATAGGGATTTA-1,2
AGGATCACGCGATCTG-1,6
AGGATTGCTTACGACA-1,1
AGGCAAAGAGGAATCA-1,3
AGGCACGTGACTGTCC-1,2
AGGCAGATGCGTAAAC-1,5
AGGCAGGGAGCGTACT-1,1
AGGCATTGTCGTAGGG-1,2
AGGCCACATTGGTTAC-1,2
AGGCCACCCGTTATGA-1,5
AGGCCCAGTGACTGGT-1,4
AGGCCCATTGTACAGG-1,3
AGGCCCTAGAACGCCA-1,6
AGGCCTGAGAATCTCG-1,6
AGGCGATAACTGGCGT-1,2
AGGCGGTTTGTCCCGC-1,6
AGGCGTCTATGGACGG-1,4
AGGCTATGGTTAGCTT-1,5
AGGCTTCCCGAAGAAG-1,1
AGGCTTGCTAGACACC-1,5
AGGGAAACGAGGTACT-1,1
AGGGACAGCACGGCGG-1,4
AGGGACCGGCTGCGTT-1,2
AGGGACTCTACGCGAC-1,1
AGGGAGACATACTTCG-1,1
AGGGCAGCGGCGTGGT-1,3
AGGGCGAGCAGCTGAT-1,1
AGGGCGTGATCGGCTA-1,4
AGGGCTGCAGTTACAG-1,5
AGGGTCAGTAACCCTA-1,8
AGGGTCGATGCGAACT-1,1
AGGGTGCCGTTCTTTA-1,6
AGGGTGCTCTCGAGGG-1,2
AGGGTGGATAGTGCAT-1,1
AGGGTGTGCTACACGC-1,3
AGGGTTCCCTTTGGTT-1,8
AGGGTTTAGTTCGGGA-1,5
AGGTAACCTCCTATTC-1,3
AGGTACGATATTGCCA-1,3
AGGTAGATCGAGATAT-1,6
AGGTAGGTACAAAGCT-1,1
AGGTATAATTGATAGT-1,2
AGGTATGCGGACATTA-1,1
AGGTCAGGTGAGAGTG-1,6
AGGTCGCCACTTCGGT-1,7
AGGTCGCCTCCCAACA-1,2
AGGTCGCGGAGTTACT-1,4
AGGTGGTGACCTTCGC-1,6
AGGTGTATCGCCATGA-1,6
AGGTTACACCATGCCG-1,2
AGGTTGAGGCACGCTT-1,4
AGGTTTCACACACCTT-1,1
AGTAACGTTCATCCTG-1,3
AGTAATGTCTTGCCGC-1,3
AGTACATCATTTATCA-1,5
AGTACCTTCGAGTGCT-1,4
AGTACGGCCCGTATCG-1,1
AGTACGGGCACCTGGC-1,4
AGTACGTGGCCTGTCT-1,7
AGTACTCTTATGCCCA-1,1
AGTAGCGTGAACGAAC-1,3
AGTAGCTAGACGCCGA-1,4
AGTAGGAAGGAAGTTG-1,8
AGTAGGTAACATACAT-1,3
AGTATAATACTAGGCA-1,5
AGTATACACAGCGACA-1,6
AGTATCCATAATAACG-1,3
AGTATGCTGGAGACCA-1,6
AGTATTTGGCACGACC-1,1
AGTCAACACCACCATC-1,1
AGTCAAGATGACACTT-1,2
AGTCACTAGCTCTCGA-1,2
AGTCACTCCGCCTCAT-1,3
AGTCAGCCACCGCCTG-1,3
AGTCCAGCGGGTACGT-1,4
AGTCCATTGGCTGATG-1,2
AGTCCCGCCTTTAATT-1,2
AGTCCCTCGCAGAAAG-1,4
AGTCGACGGTCTCAAG-1,2
AGTCGGCCCAAACGAC-1,3
AGTCGGCTCAACTTTA-1,1
AGTCGGTTGCGTGAGA-1,1
AGTCGTCGACCACCAA-1,2
AGTCGTGGGCATTACG-1,2
AGTCTAAAGTATACTC-1,5
AGTCTCACAAGACTAC-1,6
AGTCTGGACATCCTTG-1,4
AGTCTTCTCCTCAAAT-1,3
AGTGAACAAACTTCTC-1,2
AGTGAAGATGGTGTCC-1,4
AGTGACCTACTTTACG-1,1
AGTGAGACTTCCAGTA-1,1
AGTGAGCCTCGCCGCC-1,8
AGTGAGGGTTTCTGAC-1,5
AGTGATAACCTGCGCG-1,2
AGTGATATGAGTAGTT-1,5
AGTGATTCAAGCAGGA-1,8
AGTGCACGCTTAAGAA-1,2
AGTGCGTAGCTCGTAA-1,1
AGTGCTAAACACAGCA-1,1
AGTGCTTGCACGAATA-1,2
AGTGGCGGCAATTTGA-1,5
AGTGGCGTCTGAAGGT-1,2
AGTGGCTCCGTCGGCC-1,6
AGTGGTGTTACCCGTG-1,6
AGTGGTTGCGTATAGG-1,6
AGTGTATTGCGCATTG-1,4
AGTGTGGTCTATTGTG-1,4
AGTTAAACACTTGCGA-1,1
AGTTAAGCGGTCCCGG-1,7
AGTTAAGTCAACCGCT-1,6
AGTTACCCTTAAGACT-1,5
AGTTACCGCACATGGT-1,5
AGTTACTCTATCGTGG-1,4
AGTTATTGAAAGGTAA-1,7
AGTTCACCGGTTGGAC-1,5
AGTTCCTACAGAATTA-1,5
AGTTCCTATTTATGTT-1,5
AGTTCTGCGTTGTATC-1,3
AGTTGACATCGGCTGG-1,3
AGTTGACGGTCCTTGC-1,1
AGTTGCTGACTGATAT-1,3
AGTTTATGTAAAGACA-1,4
AGTTTCGCAGGTCGGA-1,3
AGTTTGCACCTGCCTC-1,1
AGTTTGGCACGGGTTG-1,1
AGTTTGGCCAGACCTA-1,1
ATAAACCATTGGACGG-1,3
ATAAACGGACCCGTAA-1,2
ATAAACGTTGCACCAC-1,2
ATAAAGGCTCGGTCGT-1,5
ATAAAGGTCAAGTACG-1,7
ATAAATATTAGCAGCT-1,1
ATAACGCCGGAGGGTC-1,2
ATAACGGAGTCCAACG-1,1
ATAACGTTACCTCCAC-1,4
ATAAGCAAACACCGAG-1,4
ATAAGGTGGAGAACAT-1,2
ATAAGTACCCGATTGT-1,4
ATAAGTAGGATTCAGA-1,5
ATAAGTAGGGCGACTC-1,1
ATAAGTTACCGCGACG-1,1
ATAATACCGTTAGCCG-1,7
ATAATAGCTGTTGAAT-1,1
ATAATAGTGTAGGGAC-1,3
ATAATCTTGGAGAACC-1,1
ATAATTAGCTAAGTAG-1,1
ATACAGGCCCTCCAAT-1,1
ATACCACGGGCAACTT-1,1
ATACCAGCAAATTGCT-1,7
ATACCAGGCTAATAGA-1,7
ATACCAGGTGAGCGAT-1,3
ATACCGTCATCCATAA-1,8
ATACCTAACCAAGAAA-1,2
ATACGAAGGCTTTCCA-1,2
ATACGACAGATGGGTA-1,4
ATACGCCGATCTACCG-1,7
ATACGCCGGCGAAACC-1,1
ATACGGAACGTCGTTT-1,6
ATACGGGTTTCGATTG-1,4
ATACGGTGAAGATGCA-1,1
ATACGTACTTAGCCAC-1,1
ATACGTCCACTCCTGT-1,2
ATACGTTATGCACGGA-1,6
ATACTACCCGTACCAC-1,1
ATACTAGCATGACCCT-1,3
ATACTCTCGCCACTCT-1,3
ATACTGCCTTACACCG-1,1
ATACTTGTTCTCGAGC-1,2
ATAGACAACGGGACCT-1,5
ATAGACGAAGAGAAAG-1,1
ATAGAGTACTGGGACA-1,7
ATAGAGTTATCAACTT-1,4
ATAGATTTGCAGTCGG-1,3
ATAGCAACTAGGGAAG-1,1
ATAGCCTCAGTACCCA-1,3
ATAGCTGCTCTTGTTA-1,3
ATAGGAATCTAAGCTT-1,8
ATAGGCGGCTATAGAA-1,6
ATAGGCTAGCTTCGCA-1,4
ATAGGGATATCCTTGA-1,1
ATAGGTTGGGCAGATG-1,5
ATAGTCTTTGACGTGC-1,3
ATAGTGAAGCGTTCTC-1,5
ATAGTTCCACCCACTC-1,2
ATATAAAGCGCTCGTG-1,1
ATATAAATGTAGCTGC-1,2
ATATACATGTATGGTA-1,6
ATATACGCTCGTGACG-1,1
ATATCAACCTACAGAG-1,2
ATATCGGTAGGGAGAT-1,2
ATATCGTGCCAGACCC-1,7
ATATCGTTCCTCGAAC-1,1
ATATCTCCCTCGTTAA-1,1
ATATCTTAGGGCCTTC-1,4
ATATGTCTCCCTAGCC-1,1
ATATGTGCACAAACCA-1,4
ATATTCAGTTAAACCT-1,1
ATATTCCACATAGTGA-1,1
ATATTCCCACAGGTCA-1,7
ATATTGCTGTCAAAGT-1,7
ATATTGGAGAGGCCTT-1,2
ATATTTAACCCTCAAG-1,2
ATCAAACACTGTTCCA-1,1
ATCAAACGAAGGTTTG-1,2
ATCAATCTGGGCTGCA-1,8
ATCAATGCCGTGGCTG-1,6
ATCACATTAGAATATC-1,2
ATCACGTGCTAATTAA-1,1
ATCACTTCATCCTCGC-1,3
ATCAGACGGCACGCCG-1,6
ATCAGCCTCATGCTGC-1,1
ATCAGCTCGTCCACTA-1,6
ATCAGGTAGCTGACAG-1,2
ATCAGGTCGCCATTGC-1,3
ATCAGTAGGCAGGGAT-1,4
ATCATAGCCCTATGTA-1,1
ATCATCCAATATTTGT-1,1
ATCATCTGCCCAGTGT-1,7
ATCATGGACTACCGAC-1,2
ATCCAACGCAGTCATA-1,5
ATCCAATGGAGGGTCC-1,1
ATCCAATGGTACCGAA-1,6
ATCCACATCGACAGAA-1,2
ATCCACGCTAAATGTT-1,7
ATCCACTTTCAGACTA-1,8
ATCCAGAGCAACAACC-1,2
ATCCAGGATTCGTGAA-1,2
ATCCTACCTAAGCTCT-1,2
ATCCTGAATCGCTGCG-1,1
ATCCTGCGTGGAATGG-1,1
ATCCTGCTGCAGATAG-1,4
ATCCTTCTGAAAGAAC-1,2
ATCGACCCAATACAGA-1,1
ATCGACTCTTTCCGTT-1,3
ATCGCACGCCGGGAGA-1,3
ATCGCCAGTCAACATT-1,2
ATCGCTGCGTGCAGCA-1,4
ATCGCTTTACGTCTCA-1,2
ATCGGAGACAGACGGC-1,1
ATCGGCAAGCAGTCCA-1,4
ATCGGTTACCTAGTAA-1,1
ATCGTATTCCGAGAAC-1,5
ATCGTCCAATCGAGTC-1,4
ATCGTTAGCTAGCGGA-1,1
ATCGTTCACTTTCGCC-1,5
ATCTAATATCCTACGG-1,2
ATCTCATAAACCTACC-1,7
ATCTCCCACGGAATAT-1,2
ATCTCCCTGCAATCTA-1,3
ATCTCGTGAGCGAAAC-1,2
ATCTGACATGGAAGGA-1,6
ATCTGATAGTGTCTTA-1,3
ATCTGCACCTCTGCGA-1,8
ATCTGGGCTGTTCTTG-1,2
ATCTGGTTAAGACTGT-1,4
ATCTGTAATTGTACCC-1,3
ATCTTGACCTGCAACG-1,5
ATCTTGACTTGTCCAA-1,1
ATCTTTCGTATAACCA-1,5
ATGAAGCCAAGGAGCC-1,3
ATGAAGTGGACCCAGC-1,5
ATGACGCCGGCTCTAA-1,3
ATGACGCGTTCTATCC-1,1
ATGACTATCAGCTGTG-1,6
ATGACTATGCGACATT-1,2
ATGAGGAGTGTTAATC-1,5
ATGAGGGCAGCGGCTA-1,2
ATGATCGGGAATAGAC-1,3
ATGATGCAATGGTACA-1,2
ATGCACCTTCCTTAAT-1,5
ATGCACTACCGCATTG-1,5
ATGCATGATCCAGGAT-1,1
ATGCATTCCGTGATGG-1,3
ATGCCAATCGCTCTGC-1,4
ATGCCATTTGCGACCA-1,1
ATGCCGGTCTTGCATA-1,8
ATGCCGGTTGATGGGA-1,8
ATGCGACAATTGGTCC-1,4
ATGCGACAGTCCCATT-1,1
ATGCGAGTCCCACCAC-1,2
ATGCTCAGTGTTGCAT-1,3
ATGCTCTGGCGCGGTA-1,2
ATGCTTAGGAGTTGAT-1,2
ATGGAAATTTAAGGAG-1,6
ATGGAACAGAATAAAC-1,4
ATGGAACCTTTGCACA-1,1
ATGGAGCAGGCCGTGA-1,5
ATGGATCCGGCGTCCG-1,1
ATGGATTGACCAAACG-1,4
ATGGCAGCCGAGAAAC-1,1
ATGGCGGAATAGTCGC-1,2
ATGGCTGGAAATGGCC-1,3
ATGGGAACGGAAGCGG-1,3
ATGGGACCTGCTGAAC-1,6
ATGGGCCTCGGCCTCT-1,1
ATGGTCGCGTGGTTTC-1,1
ATGGTGCTCAAAGCCA-1,3
ATGGTTACGAAACATG-1,4
ATGTAAGGCTGCTCTT-1,1
ATGTACGATGACGTCG-1,1
ATGTGAAAGCCTAATG-1,1
ATGTGCATCCGACGCA-1,3
ATGTGGACATCTTGAT-1,5
ATGTGTAGTTTAGTCA-1,7
ATGTTACGAGCAATAC-1,3
ATGTTCCTGCCCACCT-1,3
ATGTTCGTCGACCCAC-1,1
ATGTTGTAGTCTGTTT-1,6
ATGTTTCGGCCCGGAG-1,2
ATGTTTGTAAGATCAT-1,7
ATTAAACATGCGGACC-1,1
ATTAACACCTGAGATA-1,5
ATTAATACTACGCGGG-1,3
ATTAATGAACCAGTCG-1,2
ATTAATTCGGTCACTC-1,2
ATTACAACTACCGGCC-1,7
ATTACATGTCAGTCTT-1,2
ATTACCACACTGCCTG-1,2
ATTACGACTCCACAGT-1,8
ATTACGCGCTGGCAGG-1,6
ATTACTAGCCTCTTGC-1,4
ATTACTTACTGGGCAT-1,4
ATTAGATTCCTCAGCA-1,4
ATTAGGCGATGCTTTC-1,1
ATTATACTTTGCTCGT-1,2
ATTATAGCTACTTTAC-1,2
ATTATCTCGACAGATC-1,7
ATTATGCCATAGGGAG-1,7
ATTATGCTCAGTATTG-1,7
ATTATTATGTCCGTCA-1,1
ATTCAACCATTTAAGG-1,1
ATTCACTGATGTTGGA-1,1
ATTCAGATGAATCCCT-1,7
ATTCAGGACCTATTTC-1,8
ATTCAGGATCGCCTCT-1,7
ATTCAGTAGCAGGGTC-1,1
ATTCATATACTGTCCA-1,2
ATTCATCGTTGAGGCA-1,1
ATTCCCACATAAACAA-1,5
ATTCCTAAGACGTGGA-1,4
ATTCCTCCGCCAGTGC-1,3
ATTCCTTCCAGGCGGT-1,3
ATTCGACGCCGGGCCT-1,1
ATTCGCAGAGGACACT-1,8
ATTCGTGCTATCTCTT-1,1
ATTCTCGTCTCTTTAG-1,3
ATTCTGAGTATGAACT-1,7
ATTCTTCGTACTTATG-1,7
ATTGAAGATCTTAGTG-1,5
ATTGACCGGCGATGAC-1,4
ATTGACGTAACTCGGT-1,3
ATTGATAGCAACGAGA-1,3
ATTGATCACCACATTT-1,6
ATTGATGAGTCCTAAC-1,2
ATTGCCTTTATGTTTG-1,1
ATTGCGATCAGTAACT-1,2
ATTGCTGCTCCTCCAT-1,2
ATTGGATTACAGCGTA-1,2
ATTGGGAATATCTTGG-1,5
ATTGGGAGTTCTGTAA-1,4
ATTGGTAGGATCCGCT-1,5
ATTGTACAACTCGGCT-1,2
ATTGTCGCAATACCTT-1,4
ATTGTGACTTCGCTGC-1,8
ATTGTTCAACGATCCG-1,2
ATTTAACTCGTATTAC-1,4
ATTTACAGTTTACTGG-1,5
ATTTACTAAGTCCATT-1,1
ATTTCATTATTTCGCG-1,3
ATTTCCGGGTTCTGCG-1,1
ATTTGCCTAGTTACGA-1,7
ATTTGCGCGAGTAGCT-1,1
ATTTGTCTTGGGAGCT-1,1
ATTTGTTCCAGGGCTC-1,3
CAAACCAGGTCTGCAT-1,4
CAAACGAGTATCGCAG-1,1
CAAACGGTCGCACTTT-1,1
CAAACGTGGTCTTGCG-1,7
CAAACTACGATAGAGA-1,3
CAAACTATTGAGCTTC-1,3
CAAACTCGCGACGCCG-1,2
CAAAGATTATTGGGCC-1,1
CAAAGGTCATCTGAAA-1,2
CAAAGGTTAAATTCAG-1,1
CAAATCTCTCACAAGG-1,6
CAAATGCGGAGTGTTC-1,3
CAAATGTCCTTCCGTG-1,1
CAAATTGGATTATGCC-1,4
CAAATTGTCAGCAAGC-1,2
CAACACATCTCCTGCC-1,2
CAACAGAATAACGCTA-1,7
CAACAGTGCCAAACGG-1,3
CAACCAGTGGCCTACC-1,2
CAACCTACCGAGCAGT-1,1
CAACCTGAACCTGCCA-1,4
CAACGACCCGTTTACA-1,3
CAACGGTTCTTGATAC-1,7
CAACGTGGTGGAGTCT-1,2
CAACTATATCGAATGC-1,3
CAACTCCAACGTTTAG-1,7
CAACTCCGTAACTTGC-1,8
CAACTCCTTGATCCCG-1,4
CAACTGAGGGTATGAC-1,4
CAACTGCTCATCCGAT-1,1
CAACTTGTAGTGGGCA-1,7
CAAGAAACCCTAAACT-1,1
CAAGACTCAGAAGCGC-1,1
CAAGAGGGCGGAGTAC-1,1
CAAGATATTATAACGT-1,1
CAAGCAACGTCGGAGT-1,1
CAAGCACCAAATGCCT-1,7
CAAGCGGCACATAATT-1,1
CAAGGATCGCATGTTC-1,2
CAAGGTCCTATAGGCT-1,2
CAAGTGAACTTTGGTT-1,3
CAAGTGTGGTTGCAAA-1,1
CAATAAACCTTGGCCC-1,5
CAATACGAGAGTCTGA-1,1
CAATACGCTCTGAGGC-1,6
CAATATGTAGATTTAC-1,4
CAATATTCTTGACCTA-1,2
CAATATTGGACTAGTG-1,3
CAATCCATTATCCGTT-1,7
CAATCCCTATACCAGC-1,7
CAATCCTGCCGTGGAG-1,3
CAATGAGGTTCGACTA-1,1
CAATGCGAGAAGTATC-1,1
CAATGGAATCTACATA-1,7
CAATGGATCTCTACCA-1,5
CAATGGTCGGCCTGGG-1,7
CAATGTGCCAACCCTT-1,2
CAATTAAGGGTGATGA-1,5
CAATTTCGTATAAGGG-1,5
CACAAGAAAGATATTA-1,8
CACAATGAGCTGCTAT-1,2
CACACACGCTAACGAG-1,2
CACACAGCTTGCGCTC-1,2
CACACAGGGATAGATT-1,1
CACACGCGCTGTCTTA-1,8
CACACGTTTCAATGGG-1,3
CACACTTGTATTGCGA-1,4
CACAGCACCCACGGCA-1,4
CACAGCTAGGGAGTGA-1,3
CACAGGGCCATATAGT-1,2
CACAGGGCCGTTGTCA-1,1
CACAGTCCCGCTTCGC-1,2
CACAGTTCGCTTCCCA-1,2
CACATAAGGCGACCGT-1,7
CACATATTAGCAGGAT-1,1
CACATCGTGCACGCGC-1,1
CACATCTCACCGACGA-1,2
CACATGATTCAGCAAC-1,5
CACATGTTTGGACATG-1,3
CACATTCTTTCGATGG-1,4
CACATTTCTTGTCAGA-1,2
CACCAATCATCCGTCT-1,6
CACCACGCCACACAGA-1,6
CACCAGTCAGCATGCA-1,6
CACCATCGGAGGAGAC-1,7
CACCATGATCGCAAAG-1,8
CACCCAAATCTTATGT-1,2
CACCCACACGTCACCC-1,3
CACCCACGAGGCAATT-1,2
CACCCGGTTTGTGACT-1,1
CACCCTAACAAGATCT-1,2
CACCCTTGGTGAGACC-1,6
CACCCTTTCCTCGCTC-1,3
CACCGATACACCGAGC-1,3
CACCGCCAGAAGGTTT-1,4
CACCGCCGACCAGCGA-1,3
CACCGCGTCCACTCTA-1,4
CACCGGAGATATCTCC-1,7
CACCGTATCCCATCCG-1,2
CACCGTTAGGGATCAC-1,2
CACCGTTGCGCGATAT-1,6
CACCTAATAGAGTCGT-1,3
CACCTAATCAGTTTAC-1,7
CACCTCGATGGTGGAC-1,3
CACCTCTACGAGTGTG-1,4
CACCTTGCGAAACTCG-1,5
CACCTTGGCGCCTTTG-1,1
CACGAAAGTTAGTCCC-1,1
CACGACCACAGACTTT-1,7
CACGACGTAATAGTAA-1,4
CACGACTAAAGTTCTG-1,3
CACGATTGGTCGTTAA-1,3
CACGCACAGCGCAGCT-1,2
CACGCAGCGAGGCTTT-1,8
CACGCGGAACTGTTGC-1,2
CACGGACGTGGATGGC-1,8
CACGGCGCGCCAAAGG-1,8
CACGGGATTGAGGGTT-1,6
CACGTCGGCAACCTCT-1,1
CACGTCTATGATGTGG-1,3
CACGTTCGTGCTCTAG-1,1
CACGTTTCGTACACAC-1,1
CACTAAAGTTGCCTAT-1,5
CACTACGGGAGCTGCC-1,2
CACTACTCAGTTCTGT-1,7
CACTCAAGAGCTATGG-1,5
CACTCAGCTCTTGAGG-1,3
CACTCCTATGTAAGAT-1,1
CACTCCTCTCGGTCGG-1,4
CACTCGAGCTGAACAA-1,1
CACTCGGTTAGGAGGA-1,1
CACTCTTCTGCTAGCC-1,2
CACTGACGATTGTGGA-1,6
CACTGTCCAAGTGAGA-1,3
CACTTAATCAGACGGA-1,5
CACTTCGCCACAGGCT-1,3
CACTTCGTCTTATCTC-1,3
CAGAACTTAGCCCTCT-1,2
CAGAATAACACACGGA-1,2
CAGAATATTCGTTATC-1,2
CAGACACCGATCGCTG-1,2
CAGACCTGTAAGTGTT-1,2
CAGACGAACCTGATAC-1,1
CAGAGACGGTCACCCA-1,1
CAGAGCATGAGCTTGC-1,4
CAGAGGCGATGCATGA-1,1
CAGAGTGATTTAACGT-1,3
CAGATACTAACATAGT-1,5
CAGATCATTTAAAGTC-1,4
CAGATCCTGGTTTGAA-1,6
CAGATGTTTGTCCCAA-1,6
CAGCAGCCCGTTCCTT-1,5
CAGCAGTCCAGACTAT-1,2
CAGCAGTCTGTGCTGC-1,1
CAGCCCTCACAGGCAG-1,7
CAGCCGGGCCCTCTAT-1,7
CAGCCTCCTGCAGAGG-1,8
CAGCCTCTCCTCAAGA-1,4
CAGCGATTCCCTTCAA-1,1
CAGCGCCAACACGATA-1,6
CAGCTCACTGAGACAT-1,4
CAGCTCGACAAGTTAA-1,5
CAGCTCGTGCTTGTGT-1,3
CAGCTGGCGTAACCGT-1,6
CAGCTTAGTAGGTAGC-1,5
CAGGAAGACTTTATAT-1,7
CAGGACAGCTGCCCTT-1,2
CAGGATATATCGTTGT-1,8
CAGGATCCGCCCGACC-1,7
CAGGCAGTCTTACCAG-1,2
CAGGCCGTTTGGGTGT-1,1
CAGGCGCACGGTGGTC-1,1
CAGGCGCCATGCTAGG-1,1
CAGGTTTAGTACTACA-1,8
CAGTAACTATTTATTG-1,4
CAGTAATCCCTCCCAG-1,3
CAGTACATTCTCTAAA-1,4
CAGTACCAGTTTACGT-1,6
CAGTAGCCCACGCGGT-1,4
CAGTAGCGAGGTAGTA-1,3
CAGTCCAACGCCTTCT-1,2
CAGTCGAGGATGCAAT-1,5
CAGTCGGCCTAGATAT-1,6
CAGTCTCTCGGCTAAT-1,3
CAGTCTGTATACTGGG-1,5
CAGTGAATAAATGACT-1,2
CAGTGGTTGCACATGA-1,3
CAGTGTCCGCAGAATG-1,3
CAGTGTCGGCTGGCCC-1,2
CAGTTCAAATTGACAC-1,5
CAGTTCCGCGGGTCGA-1,5
CATAACGGACAGTCGT-1,2
CATAAGAAGCTTGGCT-1,1
CATAAGCTCTCCGTCT-1,6
CATAATGAGCGGGCGA-1,4
CATACAAAGCCGAACC-1,3
CATACACGGTTCCCAC-1,1
CATACCCGTACCCAGT-1,1
CATACGAACTAGCTGG-1,6
CATACGGCGTCTGGGC-1,2
CATACTATGTAATTGT-1,5
CATACTTAGGCAATAC-1,1
CATAGCCGCCCGGGAT-1,5
CATAGCGTTGCCCACC-1,2
CATAGTACATTGAGAG-1,3
CATAGTAGCATAGTAG-1,3
CATAGTCCACAAGAAC-1,1
CATATACTACTGATAA-1,4
CATATAGGTACAGTCA-1,2
CATATGTCAGGCTACG-1,6
CATATTATTTGCCCTA-1,3
CATCAAACTGGCGCCC-1,8
CATCAACACCTACTAA-1,3
CATCATCTACCCGGAC-1,3
CATCATTACCCTGAGG-1,1
CATCCGCAGGCCCGAA-1,7
CATCCTCTCAAAGATC-1,1
CATCGCCCGCGGCCAA-1,3
CATCGGACGGGTTAAT-1,1
CATCGTCCGGTTACTA-1,5
CATCTACCCGAGAACG-1,4
CATCTAGTGAAGGGAA-1,2
CATCTATCCCGTGTCT-1,4
CATCTGCAGGATCATT-1,5
CATCTTACACCACCTC-1,2
CATGAACCGACATTTG-1,3
CATGAACCTCTTATCA-1,3
CATGACTTCGCTGAAT-1,1
CATGAGATGCACTCTC-1,1
CATGATGCACAATTCT-1,8
CATGATGGAAGTTAGC-1,1
CATGCACGTGTTACTG-1,7
CATGCATGGAGACCCT-1,7
CATGCCAACTCGCAAA-1,1
CATGCGACCAGTTTAA-1,5
CATGCGTTAGACAGAA-1,1
CATGCTGGCTCCAATT-1,3
CATGGAAATGGGACCA-1,4
CATGGATTGTCTTCCG-1,2
CATGGCAGGAAGATCG-1,3
CATGGCTCCCTATGTC-1,1
CATGGGTATGCCTTAT-1,1
CATGGGTCGGGTGTGG-1,4
CATGGTAAGTAGCGTT-1,2
CATGGTCTAGATACCG-1,4
CATGTAAGAGACATTT-1,1
CATGTAGGAGCGCCAA-1,4
CATGTCTCATTTATGG-1,1
CATTACATAGATTGTG-1,5
CATTACGTCGGCCCGT-1,7
CATTATAACAGGGTCC-1,7
CATTATGCTTGTTGTG-1,3
CATTCACTGACAGCTA-1,7
CATTCAGGTCAGTGCG-1,3
CATTCCCATTCCGTCG-1,2
CATTCCCTAAGTACAA-1,3
CATTGATGAACACGCC-1,4
CATTGCAAAGCATAAT-1,7
CATTGCGAAATGGGCG-1,6
CATTGCGGGTCAATTC-1,5
CATTGTGTGCTAGATC-1,3
CATTTAGCGGACCATG-1,1
CATTTATCGTTCAAGA-1,7
CATTTCTAGCAGACTA-1,3
CATTTGAGTGGTACGT-1,1
CCAAACAGAACCCTCG-1,7
CCAAAGTCCCGCTAAC-1,7
CCAAATAACAAGATTC-1,2
CCAACGATGCACTGAT-1,1
CCAACGCTTGCCAGGG-1,4
CCAACTTGATAGATCC-1,2
CCAAGAAAGTGGGCGA-1,2
CCAAGACTTCTGCGAA-1,3
CCAAGCGTAACTCGTA-1,8
CCAAGGAACAGAGAGG-1,3
CCAATAGATTTCATCT-1,4
CCAATAGTGCCGTCGA-1,5
CCAATCGGTAGATCGA-1,7
CCAATGTCACAGCAAG-1,5
CCAATTACGGGTCGAG-1,8
CCAATTGAATGTTAAT-1,3
CCACAATGTACGTCTT-1,5
CCACACTGAGATATTA-1,5
CCACAGCTGAAATCAT-1,3
CCACAGTACCCATCCT-1,2
CCACATACTGCACCCA-1,1
CCACATGGCTCTTTAT-1,6
CCACCAACTTTACTGT-1,1
CCACCCAAGGAAAGTG-1,1
CCACGAATTTAACCTC-1,1
CCACGAGAAGAGAATC-1,3
CCACGGAGCCATAAGA-1,6
CCACGGTGCCCGGTAG-1,2
CCACGTAAATTAGACT-1,2
CCACTATCCGGGTCAC-1,1
CCACTGGTGGCTGGTT-1,6
CCACTGTTTGGATTAA-1,1
CCAGAAAGCAACTCAT-1,1
CCAGAGACAAAGCCGG-1,5
CCAGATAGTTGAGTGA-1,5
CCAGATGTAAATGGGT-1,4
CCAGCCTGGACCAATA-1,1
CCAGCGGGATCACCAG-1,2
CCAGCTACGCCTCATA-1,7
CCAGCTCGAACGCATT-1,1
CCAGCTGATGGTACTT-1,6
CCAGCTTCCGCCCGCA-1,1
CCAGGCTGGCGTCTGA-1,1
CCAGGGACGTGGCCTC-1,4
CCAGTAGTCTGATCCA-1,5
CCAGTCAAATCTCTTA-1,6
CCAGTCCATTATTCGA-1,3
CCAGTCTAGACGGCGC-1,8
CCAGTCTTGTCATAGA-1,1
CCATAAACAACCCGAC-1,3
CCATAACCTGTGCAGT-1,6
CCATACCTTTACTTGT-1,8
CCATACTCGCCTCTCC-1,4
CCATAGGTTGGCGTGG-1,3
CCATAGTCAGTAACCC-1,3
CCATATGGAAACTATA-1,2
CCATCATAAGAACAGG-1,3
CCATCCATACCAAGTC-1,7
CCATCGCAGTTAAACT-1,6
CCATCTCACCAGTGAA-1,1
CCATCTTGTTCACAAT-1,3
CCATGCCCTAGATTTC-1,2
CCATGCCTGTTTAGTA-1,5
CCATGCTCTGCAGGAA-1,3
CCATGGCCCTTGTACC-1,1
CCATTAGCGATAATCC-1,8
CCATTCCCTGCCCACA-1,1
CCATTGTTTCCTCCAT-1,5
CCATTTCTACCTATTA-1,1
CCCAAACATGCTGCTC-1,1
CCCAACATACGTCGCG-1,1
CCCAACCACACTAACA-1,3
CCCAAGAATGCACGGT-1,7
CCCAAGACAGAGTATG-1,7
CCCAATGAGATTTGCA-1,6
CCCAATTTCACAACTT-1,1
CCCACTCCACGGTATC-1,6
CCCAGAGGAGGGCGTA-1,4
CCCAGGTCTGAAGGCT-1,2
CCCAGTAAACTTGGGA-1,6
CCCAGTTAAGGCGCCG-1,1
CCCGAAGTTTCGCGAA-1,6
CCCGACCATAGTCCGC-1,1
CCCGAGTTTCTCCGTA-1,2
CCCGATAGCCTCGCCT-1,2
CCCGCAGCGCGAACTA-1,2
CCCGCAGGGCCCAAAG-1,3
CCCGCCATGCTCCCGT-1,3
CCCGCGCAATGCACCC-1,3
CCCGCTAGAGGGTTAA-1,7
CCCGCTTGCCCTCGTC-1,7
CCCGGGTCGTTCAGGG-1,6
CCCGGTGGAAGAACCT-1,5
CCCGGTGTATCGGAAT-1,6
CCCGTAAGTCTAGGCC-1,2
CCCGTAGCTGGGAAGA-1,1
CCCGTCAGCGTCTGAC-1,3
CCCGTGAGGGCGGTGA-1,6
CCCGTTTCGCAGATGT-1,1
CCCTAGGCAACAAGAG-1,6
CCCTAGTGTCAGGTGT-1,3
CCCTATGTAGAGCAGA-1,6
CCCTCAAGCTCTTAGT-1,1
CCCTCATTCTGGAATT-1,3
CCCTCCTCGCTCGTAT-1,2
CCCTCGGGAGCCTTGT-1,7
CCCTGAAATGAGTTGA-1,5
CCCTGACTAACAAATT-1,6
CCCTGATGTAACTCGT-1,3
CCCTGCCCAATCCGCT-1,6
CCCTGCGCTACGCATA-1,1
CCCTGGCTGTTCCTTC-1,6
CCCTGGTATGGGCGGC-1,7
CCCTTCTCGTACGCGA-1,3
CCCTTTAATGGAGTTC-1,1
CCCTTTGACAGGTCTT-1,2
CCGAAAGTGGTGAGCA-1,3
CCGAACACTGGGCCTC-1,1
CCGAACCTTCCCGGCC-1,1
CCGAAGGGCGTACCGC-1,5
CCGAAGTATATTGTTC-1,4
CCGACAAACACATGAG-1,7
CCGACAAAGGGAGTGC-1,1
CCGACAATAGGCCGCC-1,2
CCGACGGGCATGAGGT-1,1
CCGACGTAAACACAAC-1,4
CCGACTCGCATAGTCT-1,7
CCGAGAAGTCGCATAA-1,1
CCGAGCTGTGCTTGTC-1,8
CCGAGGGATGTTAGGC-1,7
CCGATATGACGTAAGG-1,2
CCGATCTCAACCTTAT-1,2
CCGATCTTAAGAGGCT-1,4
CCGATTCGAGGGACCC-1,1
CCGATTGGTCAATGAA-1,7
CCGCACAAAGACCAAC-1,1
CCGCACACGAACGTGT-1,2
CCGCACGTGACCTCGG-1,5
CCGCATGTGGTACGAT-1,2
CCGCCACCACAATCCA-1,7
CCGCCGGAACTTCTCG-1,6
CCGCCGGTCAACACAC-1,3
CCGCCGTTGAGGATAA-1,2
CCGCCTGCGAATTGGT-1,4
CCGCCTTGCGATGTCG-1,6
CCGCGATTTGGTAGGT-1,6
CCGCGGAATGCGTCAC-1,5
CCGCGGGTACGAAGAA-1,5
CCGCGTAGGTAAGGGC-1,6
CCGCTATCAGCACCAG-1,1
CCGCTCTTCCGAACTA-1,1
CCGCTGGTGCCATTCA-1,7
CCGCTTACCTCACTCT-1,1
CCGCTTCGCGGTTAAC-1,7
CCGCTTGCTGACATGG-1,5
CCGGAAGTTATCAGTC-1,2
CCGGAGCGTACTTTCT-1,1
CCGGAGGTCTTATGGT-1,4
CCGGCACGACCGTTTC-1,2
CCGGCGCATATTGGAT-1,3
CCGGCGTGAGACTCTG-1,6
CCGGGACCCGCAGAGA-1,3
CCGGGCGGTCTCGTCA-1,8
CCGGGCTGCTCCATAC-1,1
CCGGGTTCGAGGTTAC-1,5
CCGGTAATGGCTAGTC-1,1
CCGGTTTGTAATTGTG-1,1
CCGTAAGTTGGTCCCA-1,8
CCGTACCCAAGCGCCA-1,7
CCGTAGGAAATCCCTG-1,1
CCGTAGGGTTGTTTAC-1,1
CCGTATCTCGTCGTAG-1,1
CCGTATTAGCGCAGTT-1,4
CCGTGAGGCATTCATG-1,2
CCGTGCCCATGACGGC-1,7
CCGTGGAACGATCCAA-1,4
CCGTGTTAAATTCCAT-1,6
CCGTTACGTTAGAACA-1,8
CCGTTCCGAATCTCGG-1,1
CCTAAACAGGGTCCGT-1,7
CCTAAAGGCTGACGCT-1,7
CCTAAATTAACGGTTC-1,5
CCTAAATTGTATCCTA-1,2
CCTAACCCAAACAAGT-1,2
CCTAACTAAGGCTCTA-1,8
CCTACAAGTCCGGAAT-1,4
CCTACATTCACAGACG-1,1
CCTACGCGACCTTACA-1,3
CCTACGGCTCAGTCGA-1,3
CCTACTGCGGCGGCCA-1,4
CCTACTGCTTACACTT-1,5
CCTAGGCGTAGCGATC-1,2
CCTAGGTAAAGGTAGC-1,6
CCTAGTTAGTCGCATG-1,3
CCTATAATGAGTGCCC-1,1
CCTATACCGTCCTGTC-1,1
CCTATATTTGTCCTGG-1,1
CCTATCTATATCGGAA-1,1
CCTATGAAGTGGTGCC-1,1
CCTATGGCTCCTAGTG-1,6
CCTATGGGTTACCGTC-1,5
CCTATGTCCACTCCAC-1,6
CCTCAACGATCGCTGT-1,8
CCTCACCAATCTTGAC-1,7
CCTCACCTGAGGGAGC-1,5
CCTCACCTTAGCATCG-1,4
CCTCACGTCAGCTAAT-1,2
CCTCATGCAGCTACGA-1,7
CCTCCCGACAATCCCT-1,7
CCTCCGACAATTCAAG-1,6
CCTCCTGAGCCCACAT-1,6
CCTCCTGTTGTGTCGT-1,1
CCTCGAAGTGGACGGG-1,3
CCTCGACCCACTGCCT-1,7
CCTCGCCAGCAAATTA-1,5
CCTCGCGCGATATAGG-1,2
CCTCGCGCTGTGCGAT-1,2
CCTCGGACCGGGATAG-1,2
CCTCGGATGCTACCTG-1,2
CCTCGTTACGCCTGTT-1,4
CCTCTAATCTGCCAAG-1,4
CCTCTATCGATTAGCA-1,1
CCTCTCTCCCATCTAG-1,1
CCTCTGGCCTAGACGG-1,3
CCTCTGTACTATTCTA-1,1
CCTGAACGATATATTC-1,2
CCTGAATATTTACATA-1,2
CCTGACAAACTCGCGC-1,5
CCTGACCACCGATGGT-1,6
CCTGACGCAACCTTTA-1,7
CCTGCCCGTTGTCTAG-1,1
CCTGCGATAGAACTGT-1,1
CCTGCGTTCTACGCTT-1,1
CCTGCTATTTGAGAAG-1,3
CCTGGAAACGTTCTGC-1,1
CCTGGCTAGACCCGCC-1,5
CCTGGTCGAATGTGGG-1,2
CCTGTAAGACATGATA-1,5
CCTGTACTCACGCCCA-1,1
CCTGTCACCCGGGCTC-1,5
CCTGTCCCTCACGTTA-1,1
CCTGTCGCCCGTAAAT-1,4
CCTGTGAAACCGTAAC-1,6
CCTGTGCGGATTGTAA-1,7
CCTGTTTGAAGACACG-1,2
CCTTCAGTTAAAGTGA-1,6
CCTTCTCAGCGTTCCT-1,6
CCTTCTTGATCCAGTG-1,3
CCTTGACCACTTTATT-1,2
CCTTTAAGGGAGCACT-1,1
CCTTTCAATGAAGAAA-1,5
CGAAACATAGATGGCA-1,3
CGAAACGCAATTCATG-1,1
CGAACAGTATGGGCGT-1,2
CGAACATAGTCAGAAA-1,4
CGAACCCGCATGCGTC-1,2
CGAACGCCCAGTGCCG-1,3
CGAACGGCCGGACAAC-1,6
CGAAGACGGTGAGTGC-1,1
CGAAGACTGCCCGGGA-1,7
CGAAGCTATAAATTCA-1,8
CGAAGTTGCTCTGTGT-1,1
CGAATCTGCTCGACGC-1,6
CGAATGACGCATAATG-1,6
CGAATTACATGGTGTT-1,7
CGACAATTTGATCTAA-1,1
CGACACCGCTTAAGGA-1,4
CGACACGCTCCGACAG-1,2
CGACACGGATGCCCAC-1,4
CGACAGTTCGCGTTAT-1,1
CGACATGCGATCTTCT-1,7
CGACCCTTAACGCCGG-1,6
CGACCTACTAGACAAT-1,4
CGACGCATCCGTACCT-1,6
CGACTCAGGATGTTAT-1,4
CGACTCGGTACACGGT-1,8
CGACTTTGTATAGCCT-1,2
CGAGACCCTAGAGTGT-1,1
CGAGAGATGTGAACCT-1,5
CGAGAGCGCGTAGATA-1,6
CGAGAGCTTTCACTAC-1,2
CGAGAGGGTAGCCGCG-1,1
CGAGATGTTGCCTATA-1,3
CGAGATTTCGCTCGGG-1,2
CGAGCACTTCAAGTTT-1,5
CGAGCGTTGATCAGCC-1,3
CGAGCTGGGCTTTAGG-1,7
CGAGGAGCTTCCATAT-1,4
CGAGGATCGGGAACGA-1,5
CGAGGCCAGGCATTGG-1,3
CGAGGCTAAATATGGC-1,5
CGAGGGACTGCGGTCG-1,1
CGAGGGTATCCAGGTG-1,6
CGAGTACTAAAGAGGA-1,1
CGAGTGAAGGTACCAG-1,6
CGAGTGCTATAGTTCG-1,3
CGAGTTCTGTCCCACC-1,5
CGAGTTTATCGGACTG-1,1
CGATAACCAATTTGAG-1,4
CGATAATACTCAGGTT-1,2
CGATACCTCGCGGACA-1,5
CGATATTAGCCGCAGG-1,3
CGATCATTAGAGGCAC-1,4
CGATCCGACCCAGTGC-1,5
CGATCCTCGCAACATA-1,6
CGATCTGTTGGAGGAC-1,6
CGATGGACCCTACGCC-1,8
CGATTAAATATCTCCT-1,2
CGATTCGCCTGGCTGC-1,1
CGCAAACACGAGTTAC-1,5
CGCAATCGATCATTAG-1,5
CGCAATTACTTTCGGT-1,4
CGCAATTAGGGTAATA-1,5
CGCAATTCTACAATAA-1,5
CGCACATGTCCACTAC-1,2
CGCACGTGCGCTATCA-1,1
CGCAGAAACATTTGCG-1,7
CGCAGATCTTCACCCG-1,4
CGCAGGCGATCCAAAC-1,2
CGCATCATGGCTTCAG-1,3
CGCATCCATCAGCCAG-1,5
CGCATGGTGCGATGCT-1,1
CGCATTAGCTAATAGG-1,4
CGCCAAGAAGCCGAGT-1,6
CGCCACAGGTCGCGAT-1,6
CGCCACCCGCATTAAC-1,3
CGCCATCCGATTATGA-1,8
CGCCCAGCACGCCTAG-1,1
CGCCCAGCGTTTCACG-1,2
CGCCCGCTTCCGTACA-1,2
CGCCCTTACATCCACC-1,7
CGCCCTTGAAGGCTGA-1,1
CGCCGACTATTCGCTA-1,1
CGCCGCCCATGCCTGT-1,1
CGCCGGTGTCGCAGTA-1,4
CGCCGTCTACCCATCG-1,2
CGCCGTTCAGCATAGT-1,1
CGCCTCCCTCCTCTAT-1,1
CGCCTGGCCTACGTAA-1,1
CGCCTTTAGCATGCTC-1,2
CGCGAAGTGGCATACT-1,2
CGCGACACTGCGCAGC-1,5
CGCGACCGCGACAGAT-1,1
CGCGAGAGGGACTTGT-1,4
CGCGAGTCTGCCGGGT-1,6
CGCGCAAATGTCCAGA-1,6
CGCGCAAGGAACTACA-1,3
CGCGCATGTTTGATTG-1,1
CGCGCCCGACTTAATA-1,1
CGCGGCAGTATTACGG-1,3
CGCGGCTCAACTTGAA-1,1
CGCGGGAATTAGGCAG-1,4
CGCGGTAAGTCTAGCT-1,1
CGCGGTCACAAACCAA-1,4
CGCGTACATTCTGGAA-1,4
CGCGTCATATTAAACC-1,7
CGCGTGCTATCAACGA-1,7
CGCGTTCATGAAATAC-1,5
CGCTACCGCCCTATGA-1,3
CGCTACGGGACATTTA-1,5
CGCTAGAGACCGCTGC-1,1
CGCTATACCGCCCACT-1,3
CGCTATCGTGGCTTTA-1,7
CGCTATTCAATGTATG-1,3
CGCTATTCTTAGGCTC-1,5
CGCTCGACATAATGAT-1,5
CGCTCTCCGTAGATTA-1,5
CGCTGAGGACGTCCAA-1,3
CGCTGGTGACTACCCT-1,2
CGCTGTGACGCCGCAC-1,3
CGCTGTGTGGATGTTG-1,1
CGCTTAGTATTGATAC-1,6
CGCTTATTCCCGGTCG-1,6
CGCTTCCACTGAAATC-1,3
CGCTTTCATACCGGTG-1,4
CGCTTTCTTGCATTCG-1,8
CGGAAAGAATCAAACG-1,2
CGGAAAGCAAATGTGC-1,1
CGGAAATTTCACATCC-1,7
CGGAACGTAAACATAG-1,1
CGGACGTTACTTGAAG-1,6
CGGAGCAATTTAATCG-1,1
CGGAGCATGGCGATCC-1,1
CGGAGCTTATAACACC-1,7
CGGAGTCCTAACCTGG-1,7
CGGAGTTTGAGAGACA-1,5
CGGATAAGCGGACATG-1,3
CGGATCCTCAAGGACT-1,1
CGGCAAACATCGTGCG-1,1
CGGCAATAAGATCGCC-1,2
CGGCACCGTTAGCGCC-1,3
CGGCACTCAAGAAAGT-1,3
CGGCAGGGTCGGGTTG-1,1
CGGCCACGCACAAAGT-1,4
CGGCCCAACCTGTAGT-1,5
CGGCCCAGGTATATCC-1,2
CGGCGCCATCAATCCC-1,1
CGGCTCTAAAGCTGCA-1,2
CGGCTCTTCGTCGAAC-1,3
CGGCTGAAGGTTACGC-1,4
CGGCTGCAAGATTAAG-1,3
CGGCTTTGTATGATAA-1,7
CGGGAATATAGTATAC-1,1
CGGGAATTTATGTAAA-1,1
CGGGAGCTTCAGTGTA-1,2
CGGGAGTATACCGCCG-1,7
CGGGATCAATGTAAGA-1,3
CGGGCAGCTAAACCGC-1,4
CGGGCCATAGCCGCAC-1,3
CGGGCCTTCTTTGTAA-1,8
CGGGCTACTTAAATTG-1,4
CGGGTGTACCCATTTA-1,8
CGGGTTCGGCACGTAT-1,4
CGGGTTGTAGCTTTGG-1,4
CGGGTTTGTTAGGGCT-1,2
CGGTACGGCAAACCCA-1,6
CGGTACTAGAATCAAA-1,1
CGGTAGAGGTGCAGGT-1,8
CGGTATAGGTATTAGC-1,4
CGGTCAAGTGGGAACC-1,5
CGGTCAGTCCATATTT-1,8
CGGTCCATGAGACTCC-1,8
CGGTCCGTCGCAAGCC-1,6
CGGTCTATCAACCCGT-1,2
CGGTGAAGACTAAAGT-1,6
CGGTGCAGATAGAACG-1,1
CGGTGCGCGTTGGTCC-1,1
CGGTGGGCTCCAGCCT-1,4
CGGTGTACTTGATCCC-1,3
CGGTTATCCAACAGTG-1,1
CGGTTCAAGTAGGTGT-1,2
CGGTTCCGGCTTCTTG-1,3
CGGTTGACCTGGCATA-1,1
CGGTTGAGTATCCTTC-1,6
CGGTTGGGTTCAAGTT-1,4
CGGTTTATGAAGGAAC-1,4
CGTAAACGCTTGAGTG-1,7
CGTAACGGAACGATCA-1,3
CGTACCGAAAGTCTAG-1,4
CGTACCTGATAGGCCT-1,2
CGTAGCGAATTGTCAG-1,3
CGTAGCGCCGACGTTG-1,3
CGTATTAAGAGATCTA-1,5
CGTATTGTTTCCTAAT-1,4
CGTCAAATGGTCGCAG-1,4
CGTCAAGGCTATAAAT-1,2
CGTCACGTCCATTGGT-1,1
CGTCAGCTATTTACTC-1,3
CGTCAGTGCGCACAAG-1,3
CGTCAGTTTATCGTCT-1,7
CGTCATACCATATCCA-1,4
CGTCGCGGCGGGATTT-1,3
CGTCGCTTGGTTATAC-1,6
CGTCGGATAGTGTTGA-1,1
CGTCGGGTCTAAGCGC-1,6
CGTCGTCCTTCGCGAA-1,1
CGTCTCTCGCCGAGGC-1,4
CGTCTGGAAGGGCCCG-1,3
CGTCTTGAGTGTGACG-1,2
CGTGAAGTTAATTCAC-1,5
CGTGACATTGGGTCGT-1,7
CGTGACCAGTCCTCTG-1,1
CGTGCAGACTGGGACA-1,5
CGTGCATTGTCGACGC-1,1
CGTGCCCGACATTTGT-1,7
CGTGCCCTCCCGAAGA-1,5
CGTGCTGGCCTAGTCG-1,3
CGTGCTTCTACCTAAA-1,6
CGTGGAAGCCTCGTAC-1,1
CGTGGCCGAATATCTA-1,1
CGTGGTACCCAAAGGC-1,6
CGTGTCCCATTCGCGA-1,4
CGTGTCTCGTTACGAC-1,1
CGTGTGTTAAACCCTG-1,2
CGTTAAACTAGTTAGG-1,2
CGTTAATGTCCCGACG-1,2
CGTTAGCTCACAACTG-1,5
CGTTATCATACTTCCA-1,6
CGTTCAGACCCGCGAA-1,1
CGTTCATGGTGCGCGT-1,6
CGTTCTTCGCACACCT-1,4
CGTTGAATACCGCGCT-1,1
CGTTGAGCGACCGTCG-1,2
CGTTGAGTAATTGCGT-1,4
CGTTGCCCGCGTGGGA-1,6
CGTTGTAAACGTCAGG-1,1
CGTTGTAAGATTGATT-1,4
CGTTGTCGGCAATTGA-1,1
CGTTGTTTCAATTCCC-1,1
CGTTTAAGCGGAGCAC-1,3
CGTTTACAAGGCAGCT-1,8
CGTTTCACTTCGGGCG-1,4
CGTTTCGCTCATTACA-1,1
CGTTTGTGTAGAGGGT-1,1
CTAAACGGGTGTAATC-1,4
CTAAAGAATGCCTACT-1,1
CTAAAGGGAAATAGGA-1,1
CTAAAGTCCGAAGCTA-1,4
CTAAATCCGGTGTACA-1,6
CTAAATCCTATTCCGG-1,4
CTAACCGCGCGCCCGT-1,1
CTAACGAAACTTGCTG-1,8
CTAACTGATAATCGCC-1,1
CTAACTGGTCCGGTTC-1,2
CTAAGGGAATGATTGG-1,1
CTAAGTACAGGGCTAC-1,4
CTAATTATGAAGCGTA-1,4
CTAATTCGCACGCGCT-1,5
CTAATTCTCAGATATT-1,5
CTAATTTCAACAACAC-1,3
CTACAAGAAATAACCC-1,1
CTACACTAGCTTGTTC-1,3
CTACACTCGCAGATGG-1,2
CTACCCTAAGGTCATA-1,8
CTACGAACTAGGTCGA-1,3
CTACGACTAGCTATAA-1,6
CTACGCACGGAGTACC-1,5
CTACGCCATTTCCGAT-1,3
CTACGTGTTGCCACCA-1,7
CTACTATCATAGGTTT-1,1
CTACTATCTTTCAGAG-1,5
CTACTCAAGGTATAGT-1,2
CTACTGCCACCTGACC-1,4
CTAGACATATATGTAG-1,4
CTAGACTGCATTTCGT-1,4
CTAGATAAACTCCTCG-1,3
CTAGATGTGAGTGTAA-1,2
CTAGATTTACGACGGC-1,1
CTAGCAACTAATTTAC-1,7
CTAGCATAGTATAATG-1,8
CTAGCCACAGGCGAGC-1,2
CTAGCCGATGTTATGA-1,4
CTAGCGCCAATCCTAC-1,7
CTAGCTTAATGGTCCC-1,2
CTAGGCGCCCTATCAG-1,2
CTAGGCGGCAGAGAAT-1,3
CTAGGTCTGAAGGAAT-1,2
CTAGGTTCGGACGTGA-1,2
CTAGTAGAAAGGGATT-1,1
CTAGTATTCGGAATTA-1,7
CTAGTCACGTCTTAAG-1,1
CTAGTGAAGGACAGGA-1,1
CTAGTTACAACCCGGT-1,1
CTAGTTGGGCCCGGTA-1,4
CTATAAGAGCCAATCG-1,5
CTATAGGCGTTGATGT-1,6
CTATCGACGAAATACA-1,1
CTATCGCGTAGAGAAC-1,2
CTATCGGGTCTCAACA-1,2
CTATGCCCGAATGCAA-1,1
CTATGGGAAGCGGAAT-1,2
CTATGTCACTAGCCCA-1,8
CTATGTCTATTGAAAC-1,7
CTATGTGAGTCACGGC-1,6
CTATTCATGTGTCCCA-1,1
CTATTGTGTTTGGTCA-1,4
CTATTTGGTTACGGAT-1,1
CTCAAACCACTGCCCG-1,6
CTCAACTAACCCGGAT-1,2
CTCAAGACATTAGCGC-1,8
CTCACACGCAAGCCTA-1,4
CTCACATTTACTAAAT-1,1
CTCACCAGTACAAGTG-1,5
CTCACCGATCCAAACT-1,7
CTCACTGTGATACTTA-1,2
CTCACTTGGCTGGTAA-1,1
CTCAGATTGTGATAAG-1,6
CTCAGCAGACTGCCGA-1,4
CTCAGGACTCACCTGT-1,3
CTCAGTCACGACAAAT-1,4
CTCATCACTTAGTGAT-1,5
CTCATGGCTCACAATC-1,2
CTCATGGTAATTTGCG-1,1
CTCATTAACGTTGCCC-1,2
CTCATTCGTGAACATC-1,5
CTCATTGCTCTAACAA-1,1
CTCATTTGATGGGCGG-1,7
CTCCCAATGAGTCGCG-1,2
CTCCCTCCTTTCGATC-1,1
CTCCGAGTAAATCCGC-1,7
CTCCGCCCACATGAGG-1,2
CTCCGGCCTAATATGC-1,3
CTCCGGCTTGTAGACA-1,7
CTCCTAAGTTATGTCT-1,3
CTCCTCCAGCTCACAC-1,1
CTCCTGTTCAAGGCAG-1,2
CTCCTTTACGCAAGTC-1,4
CTCGAATGGAACGTAT-1,4
CTCGAGACATACGATA-1,6
CTCGAGATCCAAAGCA-1,3
CTCGAGGTCGAACAGT-1,5
CTCGATATTTGCGAGC-1,4
CTCGCACCTATATAGT-1,5
CTCGCCGAATGTAGGG-1,1
CTCGGGATAACACCTA-1,2
CTCGGGCATCGTCGGG-1,7
CTCGGGTTCTCTGGCC-1,6
CTCGGTACCACTGCTC-1,1
CTCGGTCCGTAGCCTG-1,3
CTCGGTTGTCGGCCCT-1,1
CTCGTCGAGGGCTCAT-1,6
CTCGTTTCTAATGTTT-1,8
CTCTAATGCATTGATC-1,4
CTCTACACTGGCGATT-1,6
CTCTATTTGGCTGCAG-1,5
CTCTCACAATCGATGA-1,8
CTCTCGATGTGCGCCT-1,7
CTCTCGCTGTACTATG-1,5
CTCTCTAACTGCCTAG-1,6
CTCTGCGAAGCAAGCA-1,3
CTCTGGACGCCTGGTG-1,8
CTCTGTGCCTGCTATG-1,2
CTCTGTTTGAGGATTC-1,3
CTCTTCTATTGACTGG-1,2
CTCTTCTGGAAGTTAG-1,1
CTCTTGTCCCGCTTGG-1,1
CTGAAACGGCCCTCAG-1,1
CTGAAAGAGATCCGAC-1,3
CTGAATCCGAGACCTC-1,5
CTGAATTTATTGCCAG-1,8
CTGACATAGAAATAGA-1,2
CTGACTGCGCAGCTCG-1,1
CTGAGAAAGTTCGGCG-1,2
CTGAGCAAGTAACAAG-1,3
CTGAGCGAGACTTATT-1,2
CTGATAGTGTATCTCA-1,1
CTGCAAATGGGCTCCA-1,3
CTGCAAGCACGTTCCG-1,2
CTGCACAACTACATAT-1,1
CTGCACCTAGTCCACA-1,1
CTGCACCTGGAACCGC-1,4
CTGCACTCCAGTACAG-1,1
CTGCAGAGAATCAGAG-1,1
CTGCCAAGGTTGGAAG-1,8
CTGCCATGCATCACAT-1,1
CTGCCCACGAAGCGTT-1,2
CTGCCTAGCCACCAAG-1,7
CTGCCTCATATGCAAC-1,2
CTGCCTTTAATACCTT-1,6
CTGCCTTTCTAGTAAA-1,6
CTGCGGGTGAAATGTT-1,1
CTGCGGTAGTCACGTG-1,3
CTGCGTTACGATATAA-1,2
CTGCTGAGGCCACGAA-1,1
CTGCTGTCTAACGAGC-1,2
CTGCTTGGCGATAGCT-1,2
CTGCTTTATGTCCGCG-1,4
CTGGAAATGGATGCTT-1,1
CTGGAAGACACGGTGG-1,1
CTGGACGCAGTCCGGC-1,6
CTGGATTTACACTTGA-1,1
CTGGCATCCGAATGAG-1,6
CTGGCGACATAAGTCC-1,1
CTGGCGCACAGGTCTG-1,1
CTGGCGGGAATAAGTA-1,4
CTGGCTCCTGCGGGAT-1,3
CTGGCTGATTCATCCT-1,1
CTGGCTGCTAACGTAA-1,3
CTGGCTGGTTGTCAGT-1,2
CTGGGATAAATAATGG-1,1
CTGGGATACGCTACCC-1,1
CTGGGATCGCCCAGAT-1,7
CTGGGCACTAGTCGGA-1,7
CTGGGCCTGCTATATC-1,6
CTGGGCGGCCAAATGT-1,7
CTGGGCTATCCTTTGG-1,4
CTGGGTAGGCAGTTAA-1,1
CTGGTAAAGTGTGGGC-1,2
CTGGTAACACATAGAA-1,2
CTGGTAACGAGCTCTT-1,5
CTGGTCATTCCAATCC-1,5
CTGGTCCTAACTTGGC-1,7
CTGGTTCAACGCATCA-1,7
CTGGTTCGCGAGCTAC-1,2
CTGGTTTCGAGCAAGA-1,2
CTGTACTTCTTAGCAT-1,1
CTGTAGCCATCTCACT-1,1
CTGTATGGTGTAGAAA-1,3
CTGTCAAATGGCTCGG-1,5
CTGTCACGCCAGGCGC-1,4
CTGTGCAGGGTAGGTC-1,1
CTGTGGTCGGGAGATA-1,2
CTGTTACCCAATCTAG-1,1
CTGTTCACTGCCTGTG-1,3
CTGTTCATCTCACGGG-1,3
CTGTTGGCTCTTCTGA-1,5
CTTAAATAAGACCCAT-1,5
CTTAACTTCGAAGTAC-1,3
CTTAAGCAGCGAGCCG-1,6
CTTACACGGTATTCCA-1,1
CTTACACTGGGAAATA-1,3
CTTAGCCCGGATAGTG-1,5
CTTAGCCTTCCACATG-1,8
CTTAGGTCCCAATCGT-1,8
CTTAGTAGGCCTACAG-1,1
CTTAGTGTAGTAGCAT-1,1
CTTATAGATGGCTGTT-1,8
CTTATGCGCTCAGGGC-1,6
CTTATGTTGACTACCA-1,3
CTTCAACTCCACTTGG-1,1
CTTCAGTGGTCGCCTA-1,6
CTTCATAGCTCAAGAA-1,3
CTTCATTGTCAGTGGA-1,5
CTTCCGCTCCGTGAAG-1,2
CTTCCTGCATATTTAC-1,4
CTTCGGCCAATTGTTT-1,2
CTTCGTAGATAGGTGA-1,1
CTTCTATGTTGAAGTA-1,1
CTTCTATTAATGCTAG-1,1
CTTCTGGGCGTACCTA-1,6
CTTCTTACGTCGTATA-1,3
CTTGACCCGAAAGATA-1,7
CTTGAGGTTATCCCGA-1,7
CTTGAGTTAGGGTAAT-1,2
CTTGCAACCGCCTCCT-1,6
CTTGCCCAGGCTCTAC-1,1
CTTGGCCAAGCTGGGA-1,1
CTTGTACTTGTTGACT-1,7
CTTGTCAACATTCGAG-1,5
CTTGTCGTACGTGTCA-1,3
CTTGTGAGTCTTTGAC-1,7
CTTGTGCTCACCGATT-1,4
CTTGTTGCTGAGTCAA-1,2
CTTGTTTATGTAGCCA-1,3
CTTTAACTTTCAAAGG-1,3
CTTTAATATTGGTCGA-1,1
CTTTACCGAATAGTAG-1,2
CTTTAGGAACACTGTT-1,2
CTTTAGTGCTATTATT-1,1
CTTTCTGTGCGGGCTT-1,1
CTTTGAAACATATTCC-1,2
CTTTGACGTCGCTTCT-1,4
CTTTGCATCGCTCTTG-1,2
CTTTGCTGTCATGGAT-1,1
CTTTGGCAGACAGAGT-1,4
CTTTGGCGCTTTATAC-1,1
CTTTGGCTTTAGTAAA-1,1
CTTTGGGATTGTTGCA-1,6
GAAACAGATGACCACC-1,1
GAAACAGCCATGCAGT-1,3
GAAACATAGGAAACAG-1,6
GAAACCATGGTGCGCT-1,5
GAAACCGAATTACCTT-1,1
GAAACCTATACAAATG-1,1
GAAACTCGTGCGATGC-1,1
GAAACTCTAATGAAGG-1,7
GAAAGAACAGCGTTAT-1,1
GAAAGCAGTGCACTTT-1,1
GAAAGCCCTTTGGACC-1,1
GAAAGTGACTAACTGC-1,5
GAAATACCTGCTGGCT-1,7
GAAATACTAAACGTTT-1,3
GAAATATCACCATCAG-1,1
GAAATATGCTTGAATG-1,4
GAAATCGCGCGCAACT-1,7
GAAATCTGACCAAGTT-1,3
GAAATGGCGGTGTTAG-1,5
GAAATGGGATGTAAAC-1,3
GAAATTAGCACGGATA-1,4
GAAATTCACATCGCTG-1,3
GAAATTGTCTCTATAA-1,1
GAACACACATCAACCA-1,7
GAACAGATTACTAAAT-1,1
GAACATTAGTATGTTA-1,8
GAACCATCTGGGAGAC-1,3
GAACCCTCTGTGTTCT-1,2
GAACCTCGACCTACAC-1,6
GAACCTTTAACGATCC-1,2
GAACGACCGAATGATA-1,7
GAACGATAAGTTAAAG-1,5
GAACGCGGGTCACACG-1,2
GAACGGTGTAAAGCAG-1,4
GAACGTCTCATGGTCG-1,8
GAACGTTAGGAAGACG-1,1
GAACTTAGCGCCCGGT-1,4
GAACTTGTGCACGGGA-1,4
GAAGAAACGATATTGT-1,1
GAAGAACGGTGCAGGT-1,3
GAAGACTTCAATGCCG-1,7
GAAGCAAGGCAATGTT-1,3
GAAGCCACTGATTATG-1,6
GAAGCCGGGTAAGCTC-1,1
GAAGCCTGCACATTCC-1,6
GAAGCGTGAGGAATTT-1,4
GAAGCTCGGACCCGTC-1,6
GAAGCTTGCTGACCGC-1,5
GAAGGCTACCATTGTT-1,5
GAAGTCAGTTGCACTA-1,2
GAAGTCTCCCTAGCGA-1,2
GAAGTGATTTATCGTG-1,4
GAAGTGCTGGATAGCT-1,3
GAAGTTTCCACTCAAT-1,5
GAATAGACGCGACCCA-1,2
GAATAGCATTTAGGGT-1,1
GAATAGCCCTGCGGTC-1,4
GAATAGTGCTCGATTA-1,1
GAATATTCGGAGTCCC-1,7
GAATCGACATGGTCAC-1,4
GAATCGCCGGACACGG-1,3
GAATCTATACTCGGAC-1,7
GAATCTGAACATTCTC-1,1
GAATGAAGGTCTTCAG-1,4
GAATGCCGAAATGACC-1,5
GAATGCGAATCGGTTC-1,2
GAATGGGCTTATCGAC-1,6
GAATGTATGGCAGGTC-1,4
GAATGTGGTCCGGATT-1,1
GAATGTTGGGTAATCT-1,3
GAATTATAGTGAAAGG-1,8
GAATTATGCAACCTAC-1,7
GAATTCACCCGGGTGT-1,1
GAATTTCTCGCTGCAG-1,5
GACAAACATATGCAGG-1,1
GACAACGACCATTGAA-1,4
GACAACGCAGCTTACG-1,7
GACAAGAGATGAGATT-1,2
GACACAAGGGAAGAAA-1,8
GACACGAGTTAGAGGA-1,3
GACACTGAGTTCAGTG-1,1
GACACTGGAACCCGAT-1,2
GACAGATTTCTGGCTC-1,6
GACAGCCAGACCTGAC-1,2
GACAGGCACACACTAT-1,1
GACATACTGTCGCAGA-1,5
GACATCCGTCGAACTG-1,1
GACATCGATTTATAAC-1,2
GACCAAACGTTGACTG-1,1
GACCAGAGCCCTGTAG-1,5
GACCAGGTCATTCATA-1,3
GACCCAATTATGATAC-1,6
GACCCGTCGCCGGCTA-1,7
GACCGACGTGAAAGCA-1,1
GACCGACTGAAGCGTC-1,1
GACCGCGTCTGACGTG-1,1
GACCGTCAGGTCGTGA-1,7
GACCGTGCTGACGGTG-1,1
GACCGTTACATGCGAC-1,6
GACCTTCCACGTCTAC-1,1
GACGACGATCCGCGTT-1,5
GACGAGGCTAATAAAC-1,2
GACGCCGTAAAGGCTA-1,1
GACGCCTGTTGCAGGG-1,3
GACGCTTGCTTCTAAA-1,5
GACGGACCGCGTTCCT-1,7
GACGGGATGTCTTATG-1,7
GACGGGTTGGCCCGTA-1,1
GACGGTCAATAGAAGC-1,8
GACGGTCCTAGGGTGT-1,1
GACGTGAGACTCCATG-1,7
GACGTGTAGGGATTAT-1,4
GACGTTCGTAAATACA-1,4
GACTAACACAGCACCT-1,7
GACTAAGATCATGCAC-1,7
GACTAAGTAGGCTCAC-1,5
GACTACAAAGCGGTGG-1,6
GACTACAATTGCTCGT-1,3
GACTCACCCACGTGAG-1,2
GACTCCCAGAATAAGG-1,5
GACTCCTTCCAATTGA-1,6
GACTCGCGGGAATGAC-1,5
GACTCGGTCGGCGGAT-1,4
GACTGATTGGTCACAA-1,4
GACTGCAAATCGAGCT-1,2
GACTGCACCAGCCCAG-1,1
GACTGCGGCACGTGTA-1,5
GACTGGGCGCCGCAAC-1,7
GAGAATCTCACGATCA-1,1
GAGACCCTGCAACGCC-1,4
GAGACTGATGGGTAGA-1,5
GAGACTTCGCGACCGA-1,1
GAGAGCGCAGTCCCTG-1,5
GAGAGGGCGCGAGGTT-1,6
GAGAGGTGCATTCTGG-1,6
GAGATCTGCTTGGCAT-1,5
GAGATCTTCCATGACA-1,2
GAGATGACAATCCTTA-1,5
GAGATGGGAGTCGACA-1,2
GAGCACCTGTGTCCAG-1,1
GAGCACGGCGCCTCTT-1,1
GAGCATCAACAACTTG-1,6
GAGCATCATCCCTGGG-1,3
GAGCCACGGTAGTAGG-1,3
GAGCCAGCTACCTGTG-1,1
GAGCCGAGCGTTTATT-1,8
GAGCGAGGGAGTACCG-1,3
GAGCGCAAATACTCCG-1,1
GAGCGCGCACGAGTAG-1,1
GAGCGCTGTTAGGTAA-1,6
GAGCTAAGGGCATATC-1,5
GAGCTCTCGGACCTAA-1,3
GAGCTGTCGTCTCGGA-1,4
GAGGAATGGAGAGGTT-1,5
GAGGAGTAATTCCTAC-1,3
GAGGATAAACAGTGCT-1,1
GAGGCATTTGCAGCAG-1,4
GAGGCCCGACTCCGCA-1,6
GAGGCCTGTTGATACA-1,1
GAGGCTATCAAAGTCG-1,1
GAGGGAGTCAGATCGC-1,6
GAGGGCATCGCGTATC-1,7
GAGGGCCATAATATTA-1,4
GAGGGCCGGCAGAGTC-1,4
GAGGGCGCAGCTCTGC-1,4
GAGGGTAGTAACAAAG-1,6
GAGGTACATCCATCTT-1,2
GAGGTCCCAAAGATCT-1,3
GAGGTCTTAGTGGGTC-1,7
GAGTAAACCGGAAAGT-1,2
GAGTAAGGCCACGGGA-1,6
GAGTACGGGTATACAA-1,3
GAGTAGATACTAGTTG-1,1
GAGTATCAAAGTTACA-1,2
GAGTATGCCCGCCTTG-1,1
GAGTATGCGCGTGCAT-1,1
GAGTCAGACCAGAATC-1,1
GAGTCCGCTTACCGGA-1,1
GAGTCGACAGACCCTC-1,8
GAGTCTTGTAAAGGAC-1,6
GAGTGCACGGACAACA-1,4
GAGTGTCAACCAGAAA-1,6
GAGTGTGCGGTACCCA-1,1
GAGTTGATGGCAATTT-1,6
GATAAATCGGTGGATG-1,3
GATAACTCGCACTGTG-1,1
GATAAGGCAGATGCAA-1,7
GATACCGTGTCGGAGT-1,2
GATACGATGGGAGTCA-1,1
GATAGGATTAATTACA-1,2
GATAGGTAACGTTGAC-1,1
GATAGGTGTCCCGGGC-1,1
GATATCTCATGCAATA-1,7
GATATGAGACACTAAC-1,1
GATATGCGGTAGCCAA-1,4
GATATGGATTACGCGG-1,5
GATATTGAGATTGGCG-1,1
GATATTTCCTACATGG-1,4
GATCAACATAAAGGGA-1,6
GATCATTCCAAACATT-1,5
GATCCCTTTATACTGC-1,4
GATCCGAATATAAGTG-1,2
GATCCGGGAATTAACA-1,1
GATCCTAAATCGGGAC-1,5
GATCCTCGACACTGGC-1,2
GATCCTCTTGCGCTTA-1,7
GATCGACACTATCTGA-1,5
GATCGCGGGCTCTCCA-1,5
GATCGCTACCCGATTT-1,1
GATCGCTATATCTCAG-1,6
GATCGGATAGAACCAT-1,6
GATCGGCGATAAGTCG-1,3
GATCGGTGGCCATAAC-1,5
GATCGTGACTGATATC-1,1
GATCTAACCGTATTCA-1,6
GATCTCGACGCTGTGG-1,2
GATCTGCTATCTAAGG-1,2
GATCTTAGTGAACGTG-1,3
GATCTTCATTGTCCTC-1,3
GATCTTGGAGGGCATA-1,1
GATCTTTGCAGGGTAT-1,1
GATCTTTGCTCAAAGA-1,8
GATGACAAGTAGGGCA-1,6
GATGACGATGATCGCG-1,4
GATGATTTGAAACTGG-1,3
GATGCCACACTACAGC-1,7
GATGCCAGCAGAAGGC-1,5
GATGCCTTCTGCGGCA-1,6
GATGCGAATGGTATTA-1,5
GATGCGTCCTGCATTC-1,2
GATGCTACAAGCGCCT-1,3
GATGCTGTATTTCATC-1,1
GATGGCGCACACATTA-1,3
GATGGTGAAATAACCC-1,4
GATGGTGCCCTAGGCA-1,3
GATGTAACGAACCACC-1,1
GATGTCCGGATCACAT-1,7
GATGTCGGTCAACTGC-1,7
GATGTGTTGTCACAAG-1,7
GATGTTCAATCCACGA-1,1
GATGTTTGTGCGAGAT-1,7
GATTAACCGAAAGCCC-1,2
GATTAATCCTGGCTCA-1,7
GATTACTGAATTTGGG-1,5
GATTCCCTTGTCGCAG-1,3
GATTCCGCGTTTCCGT-1,3
GATTCCTATACGGCGC-1,5
GATTCGACGGTTCACG-1,5
GATTGACACTCTGCTC-1,2
GATTGCTCCAGTTGCA-1,6
GATTTAGTGCGTACTG-1,4
GCAAACCCTACATTAT-1,2
GCAAACCTTGGCCATA-1,1
GCAAACGTCGCCAGGT-1,2
GCAAATATTACGCTTT-1,1
GCAAATGAGGACACTT-1,6
GCAACACACTAGAACT-1,6
GCAACAGCAGTATGCG-1,2
GCAACCACCAGACCGG-1,5
GCAACCACGGCCGCGT-1,1
GCAACCCAAGTTGTTT-1,5
GCAACGGCTAGTTATG-1,2
GCAAGAATTCCTTGGC-1,1
GCAAGATGTGTTCGCG-1,4
GCAAGTGCACAGAGAA-1,3
GCAATTAGTCGCACCG-1,2
GCACAAACGAGGCGTG-1,2
GCACAAGTGGATCATA-1,3
GCACAAGTGTCGGAAG-1,3
GCACACACTGGTAGCC-1,2
GCACACGCCCATGGTC-1,1
GCACGCCTACTTAGAT-1,2
GCACTAGTCGCGCTAT-1,3
GCACTCCCACAGTCCC-1,7
GCACTGCCTACCTTTA-1,6
GCACTGTGCAAATGTA-1,3
GCAGAAACGTAATCCA-1,4
GCAGAAGGTAATCTCC-1,2
GCAGACCCAGCACGTA-1,2
GCAGATCCATAAGACT-1,2
GCAGATCCTCGCAAAT-1,5
GCAGATTAGGGATATC-1,2
GCAGCACACAGCCCAG-1,5
GCAGCCTATATCACAT-1,2
GCAGCGGTGGGCATTA-1,3
GCAGCTATGGACAGGT-1,8
GCAGGAACTTAGATCT-1,6
GCAGGACTATAGAATA-1,1
GCAGGTAGAGTATGGT-1,4
GCAGTGCGGGCGGATG-1,2
GCAGTGTGGCTATAGG-1,1
GCAGTTCGATCCGAGC-1,2
GCATAAATTGAACGCC-1,4
GCATACGAGGTCTTTA-1,6
GCATAGAGCACTCAGG-1,5
GCATCCCTAACTTTGA-1,3
GCATCGGCCGTGTAGG-1,4
GCATGAGGGACGCGGC-1,8
GCATGGGTACTGACGC-1,6
GCATTCAAGGCAACGC-1,5
GCATTCGAAATGAACA-1,8
GCATTGACTTGCGGAA-1,6
GCATTGTAATTCATAT-1,1
GCATTTCCAAGGCTCC-1,2
GCCAACCATTTCCGGA-1,5
GCCAAGAATACTTCTG-1,6
GCCAATAGGGCATCTC-1,5
GCCACAATTTAAGGAC-1,1
GCCACTCAGAGCGCGA-1,2
GCCACTCCTTACGGTA-1,2
GCCAGGAGTAACCGAT-1,8
GCCAGGCGTTCGCATG-1,7
GCCATATTGCACACAG-1,8
GCCATCGAGCTGCGTG-1,1
GCCATCGATGCTGCAT-1,1
GCCATTAGCCTCAAAC-1,6
GCCCACCAAGGCTGTC-1,3
GCCCACTGGTCCACAA-1,4
GCCCAGATGCTGGAGA-1,2
GCCCAGTTGGTATGCC-1,3
GCCCATGGGTGCAATG-1,7
GCCCGACTTCTTCCCG-1,6
GCCCGATCTGTGGTCG-1,1
GCCCGCGCGTAAACGG-1,2
GCCCGCGCGTTTGACA-1,3
GCCCGTAATACCTTCT-1,4
GCCCTAGCCGTCGCGA-1,6
GCCGAAATTCCTACGT-1,5
GCCGACCCACGACTGC-1,6
GCCGATTGGCCAAGCT-1,1
GCCGCACTCCGTTTCA-1,1
GCCGCATTAGTCCGGC-1,1
GCCGCTAGATACGCAG-1,7
GCCGCTTGTGAGAAAC-1,1
GCCGGAAACACATCTT-1,7
GCCGGGTTAGGGTCGC-1,1
GCCGGTTTGGGCGGAT-1,3
GCCGTGGAAGAAATGT-1,2
GCCTAGCGATCTGACC-1,3
GCCTATAGTGTCAGGG-1,8
GCCTATCAGGTAAGAT-1,8
GCCTATGCTGGGCCTT-1,8
GCCTATTCCGATATAG-1,4
GCCTATTTGCTACACA-1,3
GCCTCATCTGGAAATA-1,1
GCCTCCGACAATTCAC-1,2
GCCTCTATACATAGCA-1,1
GCCTGCTACACTGAGA-1,4
GCCTTCAGCCCTACCG-1,3
GCCTTGTATATGCAGT-1,7
GCGAAACGATCGGGAG-1,2
GCGAAACTTAACTGGA-1,1
GCGAAGCCATACCCGT-1,5
GCGACATGTAAACATC-1,1
GCGACCCAACCATCTG-1,1
GCGACGATAGTTGTAC-1,2
GCGAGAAACGGGAGTT-1,3
GCGAGAGGCCATGTAA-1,4
GCGAGAGTTGCGTCCA-1,1
GCGAGCGCATGCTCCC-1,1
GCGAGGCCCGAGCAGA-1,1
GCGAGTTCTGCAAAGA-1,4
GCGATTCTGGAAGCAG-1,7
GCGATTGTTAACGTTA-1,1
GCGCAAATATATTCAA-1,1
GCGCAAGAGCGCGCTG-1,1
GCGCATCCAGTCAGCA-1,5
GCGCCGTTCCACGATA-1,5
GCGCCTCCCACTCCGA-1,2
GCGCGATGGGTCAAGT-1,3
GCGCGTCATTGGTACA-1,1
GCGCTAAGTATGCATG-1,7
GCGCTAATTGAATAGA-1,8
GCGCTATGCCGAGGCA-1,1
GCGCTCGATCACCTGT-1,2
GCGCTGATCCAGACTC-1,4
GCGCTGCTTTGCATTT-1,5
GCGCTTAAATAATTGG-1,1
GCGGACCGCGTTGTGG-1,2
GCGGAGAAACTTCGCA-1,1
GCGGAGAGGGAGAACG-1,2
GCGGCAAAGTATTGCC-1,1
GCGGCTCTGACGTACC-1,1
GCGGGAACCAGGCCCT-1,3
GCGGGCATTACGATGC-1,1
GCGGGCGAGCCTTACC-1,2
GCGGTAACCCAAATGA-1,3
GCGGTCCCGGTGAAGG-1,4
GCGGTCCCTAGACGCA-1,3
GCGGTGAACTGCGCTC-1,8
GCGGTGCGGAGCATCG-1,5
GCGGTTCCCTATCATG-1,2
GCGTAAATGGCCATAA-1,2
GCGTCCAGCTCGTGGC-1,7
GCGTCCCTAAGACATA-1,6
GCGTCGAAATGTCGGT-1,7
GCGTCGCCAGGGTGAT-1,6
GCGTCTAACCTCCTAA-1,2
GCGTCTCTGCATTGGG-1,1
GCGTGGTACTGGGTTA-1,2
GCGTGTATGTCGTATT-1,7
GCGTTATATTTGGAAC-1,1
GCGTTCGGAGACCGGG-1,8
GCGTTCTGACTAAGCG-1,2
GCTAAACCTGAGGTGA-1,5
GCTAACTGAAGTCTGA-1,1
GCTAAGTAAAGGCGAT-1,5
GCTAAGTAGTTTCTCT-1,8
GCTAATACCGAATGCC-1,7
GCTACAATCGAGGATA-1,2
GCTACAGTACGGACCG-1,6
GCTACGACTTATTGGG-1,5
GCTACTATAGTAGAGT-1,1
GCTAGACCGTCTACTG-1,1
GCTAGAGTAGAGATGT-1,2
GCTAGCACCTGGGCCA-1,2
GCTAGCAGGGAGTGGG-1,4
GCTAGCTTGAATAGCT-1,1
GCTAGGCACCACGGAG-1,1
GCTAGTAGAGCTTGTA-1,1
GCTAGTTTCATTGAGG-1,7
GCTATACGTCTCGGAC-1,1
GCTATCATACTCATGG-1,1
GCTATCGCGGCGCAAC-1,3
GCTATGCCAGCTTATG-1,6
GCTCAACCTCTTAGAG-1,3
GCTCAATCCGTTTATT-1,1
GCTCAATGTAATACCG-1,6
GCTCATTACTGCATGT-1,4
GCTCCATGAGTGCAGA-1,8
GCTCCCAGTCGGTCCA-1,2
GCTCCGCTCGCTTCAG-1,1
GCTCCGGACGTTGATA-1,4
GCTCCTGACATACTGG-1,1
GCTCGACCGAACTGAA-1,3
GCTCGCGGTTCCGCTC-1,5
GCTCGCTCATGTCCAA-1,2
GCTCGGAATTTAAAGC-1,1
GCTCTAAACCCTGACG-1,3
GCTCTATGTTACGTGC-1,5
GCTCTCGGGTACCGAA-1,3
GCTCTTTCCGCTAGTG-1,1
GCTGAACTCTCCAGGG-1,2
GCTGAATCTTCCAATC-1,6
GCTGAGCAACGGTTCT-1,5
GCTGAGGCGTGAGTAT-1,1
GCTGCACGGTTTCTTA-1,5
GCTGCGCCTCCCACGT-1,1
GCTGCTAAGTAGTCGA-1,1
GCTGCTACTGCGTAGC-1,1
GCTGCTCTCCGGACAC-1,8
GCTGGACCCAAAGTGG-1,8
GCTGGCAGGTGCCGTG-1,8
GCTGGCATATTCACCT-1,1
GCTGGCGGCGCATGCT-1,2
GCTGGTGACTCGTAGT-1,8
GCTGTATTACTGGCCC-1,1
GCTGTCTGTGATCGAC-1,7
GCTGTTGCTACCGAAC-1,1
GCTTAATGTAACTAAC-1,2
GCTTACGTAGTTAGTA-1,1
GCTTAGGGAAGCGGTA-1,4
GCTTATGAAGCAGGAA-1,1
GCTTCAGTGGGATTAC-1,4
GCTTCCAGCTTAGATT-1,4
GCTTCCGTCCCTAGAC-1,5
GCTTGATGATAATCAG-1,3
GCTTGCAGCACAATTG-1,4
GCTTGGATCGATTAGG-1,5
GCTTTCAGAGGAGGTG-1,1
GCTTTCTATCTCAACT-1,4
GCTTTGCTGCCGGGTA-1,7
GGAAACCTTGTTGAAT-1,4
GGAAACTAAATGGGCC-1,1
GGAAAGTGCCCATGCC-1,4
GGAACCCGAACAAGAA-1,5
GGAACCGTGTAAATTG-1,1
GGAACCTTGACTCTGC-1,6
GGAACGGCCTGCAGCC-1,5
GGAACTTTGGCGATTA-1,2
GGAAGATAAGACTGTA-1,4
GGAAGCTCGCTTACAG-1,7
GGAATAACCTCAAGAA-1,7
GGAATGCGCTAGCGTG-1,8
GGACAAGTTGCAGTGA-1,1
GGACACAAGTTTACAC-1,1
GGACCAACAGGATAAC-1,1
GGACCTACGGTAACGT-1,8
GGACCTCTAGGCCGCC-1,6
GGACGGCTTGCGCAAC-1,5
GGACGTCCATAGTTGG-1,8
GGACTAAGTCAGGAGT-1,5
GGACTCACAAATTAGG-1,2
GGACTCGAAGCTTTCA-1,8
GGACTCGTGAGTGGTC-1,6
GGACTCTTCCGGTTGA-1,2
GGAGAAGTCATTGGCA-1,7
GGAGACCAATGTGCTT-1,8
GGAGACCATCTACATA-1,6
GGAGACGACACCTTTG-1,2
GGAGCAACATTTCAAG-1,2
GGAGCACCAAGAACTA-1,1
GGAGCGAGGCCTACTT-1,1
GGAGGATTGAAAGGAG-1,7
GGAGGCCGAAGTCGTC-1,2
GGAGGCGAAGAACCGC-1,3
GGAGGGCTTGGTTGGC-1,8
GGAGGGTCAAGTAAGA-1,2
GGAGTGCCGCCCTGGA-1,7
GGATACTCATGAATTG-1,3
GGATCAAAGGACGAGG-1,3
GGATCAGAGCCATCAG-1,6
GGATCATCCCGTACGC-1,4
GGATCCGGAATATACT-1,8
GGATCTTACTGCCCTT-1,6
GGATCTTGACTCAACC-1,6
GGATGAAGATCGCTGA-1,2
GGATGACGCGAGTTTA-1,5
GGATGCTGGCGTTCCT-1,1
GGATGTCCTTACCGCA-1,1
GGATTAAGCTAAGGTC-1,3
GGATTCAGTACGGTGG-1,3
GGATTCCGCTATACCC-1,1
GGATTGCTGTGACTCC-1,1
GGATTTCACTTCTATA-1,8
GGCAAAGGCGCCAATA-1,6
GGCAAATTACTTTACT-1,5
GGCAAGCCAGGGATAG-1,4
GGCAAGGCGAAATAGC-1,2
GGCAATAGTCAATGAG-1,5
GGCACTCAGCCGACCC-1,2
GGCACTCCACTGGGCA-1,1
GGCAGAGAGATCGGGA-1,6
GGCAGCAAACCTATGC-1,2
GGCAGCGGTAATCCTA-1,4
GGCATACAGGTAGCGG-1,2
GGCATATCGGTTCTGC-1,5
GGCATCAACGAGCACG-1,3
GGCCACAAGCGATGGC-1,7
GGCCACACGAAAGCCT-1,1
GGCCCAATCTAGAGGG-1,4
GGCCCAGTTATCAGCA-1,4
GGCCCGGAGCATGTCT-1,2
GGCCCGTATACCATGC-1,5
GGCCCTCACCCACTTA-1,6
GGCCGAGACTCTGGTG-1,6
GGCCGTTTGGGTTTCA-1,1
GGCCTGCTTCTCCCGA-1,2
GGCCTTTGCAACTGGC-1,6
GGCGAAATCTAACTTG-1,2
GGCGAACCGTTCTGAT-1,4
GGCGAGCATCGAGGAC-1,3
GGCGAGCGAAACGGCA-1,6
GGCGCAGGACATCTTC-1,6
GGCGCATGAATTGATG-1,5
GGCGCGGAGATCTTTC-1,2
GGCGCGTTCGAGTTTA-1,1
GGCGCTCCTCATCAAT-1,3
GGCGGAGTAATATTAG-1,5
GGCGGGCTCTAAGAGT-1,2
GGCGGTAGGATCATTG-1,8
GGCGGTTTGCCGGTGC-1,7
GGCGTACCCTATATAA-1,7
GGCGTAGGGAAAGCTG-1,6
GGCGTCCTATCCGCTG-1,5
GGCTAAAGGGCGGGTC-1,8
GGCTAATGATTGAAAT-1,8
GGCTACTATACACTCC-1,6
GGCTATTAAGTTGTAT-1,5
GGCTCCTCCACCTGTT-1,1
GGCTCGCGTTGAGGTA-1,1
GGCTCGTGCCACCAGC-1,3
GGCTCTGCTCCAACGC-1,5
GGCTGAAATAGCAAAG-1,1
GGCTGAGCATCGTAAG-1,1
GGCTGGCTAGCTTAAA-1,7
GGCTTGGCTCTCACCT-1,5
GGCTTTCAATAAGGGT-1,2
GGGAACCACCTGTTTC-1,7
GGGAACGGGAGGTTAG-1,1
GGGAACGGTTTCAGAT-1,6
GGGAAGACGGTCTGTC-1,2
GGGAAGGGCTTTCTCA-1,6
GGGAATGAGCCCTCAC-1,4
GGGAATTCTGTCCAGT-1,5
GGGACAGAGTTACTCC-1,6
GGGACCCGTATATCTT-1,1
GGGACTGCATAGATAG-1,5
GGGAGAACTCACAGTA-1,8
GGGAGGATGCCCGAAA-1,5
GGGAGTAATGGCTGGC-1,7
GGGAGTTAATGAGGCG-1,8
GGGATACGGTAATAAT-1,5
GGGATCCCAATACAAA-1,4
GGGATGGTCGTAACCG-1,1
GGGATTTACCGCACCT-1,1
GGGCAACCGCACGTGC-1,1
GGGCACGAATTGGCCG-1,5
GGGCAGACGTCACTGC-1,6
GGGCAGAGCAATCGTT-1,2
GGGCCCGTCTTAAACA-1,1
GGGCCCTACGAAAGGG-1,6
GGGCCCTTATCTATAC-1,1
GGGCCGGCCGAAGTAC-1,2
GGGCCTAAATGGGCTA-1,6
GGGCCTATACAACCGG-1,4
GGGCCTATTTAAGTAT-1,8
GGGCGAATTTCTCCAC-1,3
GGGCGATATGTGTGAA-1,5
GGGCGCAGCGTTACTC-1,2
GGGCGGCAAATGAATT-1,1
GGGCGGGTTCCCTACG-1,5
GGGCGGTCCTATTGTC-1,3
GGGCGTACATTTATAT-1,7
GGGCGTCACCACGTAA-1,1
GGGCGTCCACTGGCTC-1,1
GGGCGTGGTTTCCCAG-1,2
GGGCTACTATTTCGTG-1,6
GGGCTATGATCGATGG-1,1
GGGCTCATCGAACCCA-1,4
GGGCTGCCTAGGGCGA-1,8
GGGCTGGTTAGTCGCG-1,5
GGGTAATGCTGTGTTT-1,7
GGGTACCCACGGTCCT-1,3
GGGTACTTCATGAACT-1,1
GGGTATGTATGCACTT-1,5
GGGTATTCTAGCAAAC-1,6
GGGTCACCGTGACGGT-1,5
GGGTCACGTGCTTATG-1,7
GGGTCACTGAGTAGTG-1,7
GGGTCATGCGTACCAT-1,5
GGGTCGTGGCAAGTGT-1,2
GGGTGACACCTTAACT-1,1
GGGTGCATATGAAAGC-1,1
GGGTGGTCCAGCCTGT-1,3
GGGTGTTTCAGCTATG-1,7
GGGTTAACATTTGAGT-1,2
GGGTTCAGACGAACAA-1,4
GGGTTTAGGATAGGAT-1,2
GGTAAATGTGCGTTAC-1,7
GGTAACCGGGAGGATA-1,6
GGTAACTATGTATCTG-1,3
GGTACAAACATGCTAT-1,2
GGTACACCAGATTTAT-1,5
GGTACATCTGGGACGA-1,6
GGTACCATTAAGACGG-1,8
GGTACTAAGTGCTTTG-1,2
GGTAGAAGACCGCCTG-1,2
GGTAGACCGTTGGGCG-1,2
GGTAGTGCTCGCACCA-1,8
GGTATAGTGACACATA-1,2
GGTATGAAAGAACTGA-1,4
GGTATTGCCGAGTTTA-1,5
GGTCAAGACTACTTCG-1,2
GGTCACGTTAGATTCA-1,3
GGTCAGTGGGTCCCAC-1,2
GGTCATTGTAGTCATA-1,8
GGTCCCATAACATAGA-1,7
GGTCGGATAAACGGCG-1,4
GGTCGGCCAGGAGCTT-1,8
GGTCGGTAATTAGACA-1,3
GGTCGGTCGTCCACAG-1,1
GGTCGTAAGCTCGCAC-1,6
GGTCTCCAAGTAGTGC-1,2
GGTCTCCGTCCAGGTT-1,2
GGTCTCTGAATGGACT-1,1
GGTCTGAGAATCTGGA-1,8
GGTCTTGAGCGCTCTT-1,2
GGTGAAACCGGGAATG-1,3
GGTGAACGGGCTAGCC-1,3
GGTGAAGTACAGGGAT-1,1
GGTGAGATGCAGATAA-1,7
GGTGATAAGGAGCAGT-1,1
GGTGATGAAGGAAGTG-1,5
GGTGATTTCATCTTGT-1,3
GGTGCAGAGCCTATCG-1,4
GGTGCGGATAAGTGGC-1,4
GGTGCTGATCACAAAG-1,5
GGTGCTGGTACACATT-1,2
GGTGGACCACGTGTTA-1,4
GGTGGACTGCTCTGGC-1,1
GGTGGAGGTTGATACG-1,2
GGTGTTCTGTTTCTAC-1,7
GGTGTTGGGCGTCTTA-1,1
GGTTACCACCCTCGGG-1,2
GGTTACCCGACACTTT-1,2
GGTTAGCTATATGTCT-1,2
GGTTAGGCTTGGAGAA-1,5
GGTTAGTTACGGCGCC-1,5
GGTTCCACCCGCTTCT-1,7
GGTTCCCTAGTGTCTC-1,4
GGTTCGATGCTGAGTT-1,4
GGTTCGGATTATACTA-1,6
GGTTCTACTCGTCTGA-1,1
GGTTGTATCGTGAAAT-1,3
GGTTGTGCTCTTGTCC-1,5
GGTTGTGTAGCCTGGC-1,1
GGTTTAATTACCATCG-1,6
GGTTTAATTGAGCAGG-1,4
GGTTTACAATCTCAAT-1,4
GGTTTAGCCTTTCTTG-1,2
GGTTTCAATCGGTCAG-1,8
GGTTTGACAAGAAGCT-1,8
GGTTTGAGTGCTGGAA-1,3
GGTTTGCGAACACGTA-1,8
GGTTTGTGACCTGAGG-1,2
GTAACAACTGACCTTG-1,8
GTAACATCAGCTCATC-1,4
GTAACATCTAAGATAA-1,2
GTAACTGCCCAAGGAG-1,6
GTAACTTGCGGCAGTC-1,7
GTAAGCGGGCAGTCAG-1,3
GTAAGGATTTGTCGGA-1,4
GTAAGTAACAGTCTGG-1,1
GTAAGTAGGGTATACC-1,5
GTAAGTCCACACTCTA-1,2
GTAATAAAGGGCTCCC-1,1
GTAATCTGATTCTTCG-1,1
GTACACTTACCTGAAG-1,5
GTACAGAGGCAAGGGT-1,1
GTACGACGGCGCTGCG-1,7
GTACGAGATTGCGACA-1,3
GTACGCTTCATTGCAC-1,1
GTACGTCACGTATTAA-1,4
GTACGTTTGCCCGTCA-1,1
GTACTAAGATTTGGAG-1,5
GTACTCCCTTATCGCT-1,1
GTACTCCTGGGTATGC-1,5
GTACTGAGGTCGTAAC-1,3
GTACTGCATGAAGCGT-1,3
GTACTGGAGTTAGACC-1,8
GTACTTGGGCACTTCT-1,3
GTAGAAACGGGTGGAG-1,5
GTAGACAACCGATGAA-1,7
GTAGACACGCCTGACT-1,2
GTAGACGTCGTTACAT-1,3
GTAGAGGGAGACAAGT-1,1
GTAGCCAAACATGGGA-1,1
GTAGCGCTGTTGTAGT-1,3
GTAGCGGCTATACACT-1,1
GTAGCTAGTAAGCGCG-1,7
GTAGCTCCGGGAGGCT-1,6
GTAGCTTCCTCTTGTT-1,5
GTAGGTGATCCGTGTA-1,2
GTAGTCGCGGGAATCA-1,2
GTAGTCTACGATATTG-1,1
GTAGTTAGACAATATA-1,7
GTAGTTCGAAGGCGAA-1,6
GTATAATCTCCCGGAT-1,3
GTATAGGACTCAGTAG-1,3
GTATAGTGGCCCATGT-1,3
GTATATGTTACGGCGG-1,3
GTATCAAACGTTAGCT-1,2
GTATCAGCTTGGGTTC-1,7
GTATCCTTTGGTAACC-1,1
GTATCTCAGTCTTGAC-1,6
GTATCTCCCTAACTGT-1,7
GTATCTTGTTGCTCAC-1,7
GTATCTTTCATAACCA-1,1
GTATGAAATTTCACTC-1,6
GTATGACGTGGGAAAC-1,3
GTATGTGGGTCTAGTT-1,2
GTATTAAGGCGTCTAA-1,3
GTATTAGGGTTCGCGT-1,4
GTATTCTGAGAAACGA-1,1
GTATTCTTACCGTGCT-1,3
GTATTTAATGGCATAA-1,2
GTCAAAGAAGTGGTGT-1,6
GTCAAAGTTTACATAG-1,3
GTCAAGCGGACTCGGG-1,1
GTCAATGCTATAATTT-1,8
GTCAATTGTACTGAAG-1,4
GTCACAAAGTTTCCAA-1,7
GTCACCTGTCTATGTC-1,7
GTCACTCTCCAAATCT-1,4
GTCAGAATAGTCTATG-1,5
GTCAGTTGTGCTCGTT-1,3
GTCAGTTTGGTAGTCG-1,1
GTCATGCACCTCCGTT-1,5
GTCATGCGCGAGGGCT-1,1
GTCATGGACATGACTA-1,5
GTCATTAGAGCGAACG-1,1
GTCATTGCATTGACCC-1,2
GTCCAATATTTAGCCT-1,6
GTCCATTACTGCTACG-1,2
GTCCCAACGTAAAGTA-1,8
GTCCCAATCATCCCGC-1,6
GTCCCGCGACGTTATG-1,1
GTCCGAGAGCAATCAT-1,2
GTCCGGACCTGAAATT-1,2
GTCCGGCTGAATTGCG-1,5
GTCCTACAGGCGGCTC-1,7
GTCCTACGAATAGTCT-1,2
GTCCTACTCTACGGGC-1,6
GTCCTATTGTTGTGGT-1,6
GTCCTTCTACAACCCA-1,5
GTCCTTCTAGTGGGTT-1,3
GTCCTTTAATGACTTC-1,4
GTCGATAGGTGACTTT-1,2
GTCGCCGTTGTGTGTT-1,1
GTCGCGTAACCCGTTG-1,1
GTCGGAAGGATACCAG-1,8
GTCGGATATCTCAGAC-1,1
GTCGGATGTAGCGCGC-1,3
GTCGGGAACATGGTAG-1,6
GTCGGGAAGCAGAAAC-1,2
GTCGTACCATCTCGGG-1,1
GTCGTACCTACGATTG-1,1
GTCGTATTGGCGTACA-1,4
GTCGTCAATTATAAGG-1,3
GTCGTCTGGTTGGCTA-1,2
GTCGTGTCTGGTCATC-1,4
GTCGTTATTCGCTTAT-1,1
GTCTAAGATGCCCAGC-1,7
GTCTACTCAATTACAA-1,6
GTCTATCTGAGTTTCT-1,1
GTCTATTGGTTCCGGT-1,1
GTCTCAAGGCCCGGCT-1,1
GTCTCGACTAAGTTTG-1,5
GTCTCGATCTGCTTTC-1,8
GTCTCGCCAACACGCC-1,7
GTCTGGGCGGTCGAGA-1,2
GTCTTAGTACAGCCGG-1,3
GTCTTCCTCACCTAAG-1,4
GTCTTGAGGAGCAGTG-1,1
GTCTTGTAGCTATTCA-1,4
GTGAAACGGCGCCACC-1,5
GTGAAACGTGCTCCAC-1,3
GTGAACTCCCATTCGA-1,1
GTGAAGATTTCAAGTG-1,4
GTGAAGCCGTATAGTC-1,8
GTGAAGTCACGACTCG-1,6
GTGACAGCTTCCCACT-1,6
GTGACCGCACACTACG-1,1
GTGACCTAAAGAATAA-1,1
GTGACGAGGGTGACCC-1,2
GTGACGCAGGTTTCAT-1,2
GTGACTTCAGTAGTGC-1,2
GTGAGCGTGCTGCACT-1,2
GTGAGGACACTTAAGG-1,1
GTGAGGAGCGGTTGAG-1,7
GTGAGTCTAAGACGGA-1,5
GTGAGTGGTACAACGC-1,1
GTGATCACTAACGCCT-1,2
GTGATCATAGATCTGC-1,2
GTGATCCTTGTCATGA-1,1
GTGATGCACAACATCT-1,4
GTGATTCGCCGCTCAA-1,1
GTGCAACAAATGTGGC-1,3
GTGCACGAAAGTGACT-1,3
GTGCAGCGTAGAGTAG-1,2
GTGCCATCACACGGTG-1,1
GTGCCCGTTCGGATTC-1,1
GTGCCGCTTCAAAGGT-1,1
GTGCCTCAGTGTACGG-1,4
GTGCGAAATCGAACAC-1,1
GTGCGACAGGGAGTGT-1,2
GTGCGCAGCTTGCTCC-1,3
GTGCGCTTACAAATGA-1,3
GTGCGGGACCATCGGC-1,7
GTGCGGGTCTCCAAAT-1,7
GTGCGTGTATATGAGC-1,2
GTGCTCAAGTACTGTC-1,5
GTGCTGCAGATAAGGA-1,6
GTGCTTACATCAGCGC-1,2
GTGGAACCTACATGCG-1,7
GTGGACCAACCCGATT-1,2
GTGGACGCATTTGTCC-1,1
GTGGACGTGCTGAGAC-1,3
GTGGAGCATGTCGGCC-1,2
GTGGAGCGTTTACCGA-1,6
GTGGAGTCGGCGGTTG-1,1
GTGGCAAACAGCGGCA-1,6
GTGGCCTAATATCATT-1,6
GTGGCGGGCCGTAGCT-1,3
GTGGCGGTCCCAGCGT-1,6
GTGGCGTGCACCAGAG-1,7
GTGGGAAGACTGAATC-1,6
GTGGGCTTAGACACAC-1,5
GTGGGTACTGAGCGTA-1,6
GTGGTATAGTCTGCCG-1,1
GTGGTCAGCGAAGTAT-1,3
GTGGTGATGGTTTGTG-1,2
GTGGTGGCCAAGTGAA-1,2
GTGGTTACTTCTTTCG-1,1
GTGGTTTCCGCCTTTC-1,2
GTGTACCTTGGCTACG-1,4
GTGTACGAACCGTTCC-1,2
GTGTATATCAGCGGGC-1,1
GTGTATGACTTTAAAG-1,7
GTGTCCGATAAGGCAT-1,7
GTGTCGTATAGCGTTC-1,1
GTGTCGTATTCACCTT-1,4
GTGTGAATAACTTAGG-1,8
GTGTGAGCCGAGGTGC-1,3
GTGTTACTATGCGTCC-1,1
GTTAAAGTAGGACTGG-1,1
GTTAACATCACTTAAA-1,1
GTTAACTATGTTGTCA-1,2
GTTAAGGGTGCGATGT-1,2
GTTAAGTTAGAGTGGG-1,2
GTTAATGTCTATCTTA-1,1
GTTACAATTGGTGACG-1,1
GTTACCTACAACTTGC-1,5
GTTACGAAATCCACGC-1,7
GTTACGGCCCGACTGC-1,7
GTTACTTTGGGCCTAG-1,1
GTTAGAGTGTGCCGCT-1,7
GTTAGCCGTAAATCAA-1,1
GTTAGGCTACCCGTTT-1,6
GTTATAATACGGTGAA-1,2
GTTATATCAGGAGCCA-1,8
GTTATATTATCTCCCT-1,1
GTTATCACCTTCTGAA-1,7
GTTATTAAATACGACC-1,3
GTTATTAACGTGGGAG-1,3
GTTCAAATCAGATGTC-1,4
GTTCAATCTATGTCAA-1,3
GTTCACAGGAGTCTAG-1,1
GTTCATCGTTTGGCTG-1,2
GTTCCAAGACAGCGAC-1,7
GTTCCAGTCTGACCAT-1,1
GTTCCCGTAAACATAT-1,2
GTTCGCCATAAGTGCC-1,5
GTTCGCTGAGACGTCT-1,2
GTTCGGATCGGGAACA-1,2
GTTCGGGCGTACCATT-1,2
GTTCGTCTAAAGAACT-1,2
GTTCGTCTGGGTCCCT-1,4
GTTCGTTGCGGACCAG-1,7
GTTCTTCCCTCGATGT-1,4
GTTGAACCGGTTCCAT-1,1
GTTGAGTCCCGCCGGT-1,2
GTTGCACGGAGTTTCG-1,7
GTTGCGCTAACATTAC-1,1
GTTGCGGACGGTCAGG-1,1
GTTGGACCGCATCAGG-1,4
GTTGGATTCAGTGGCT-1,8
GTTGGATTGAGAACAC-1,2
GTTGGATTTGCGTTGG-1,5
GTTGGTCATGCTATCC-1,1
GTTGTCGTGTTAGTTG-1,4
GTTGTTACATTGCGCT-1,8
GTTTACGTTCCATCTG-1,2
GTTTATGGGATTTAGA-1,5
GTTTCAAACGAGTTGT-1,2
GTTTCATATCGTCGCT-1,1
GTTTCCTGGAGGGTGA-1,7
GTTTCTGCAGTCTCCC-1,5
GTTTGACCAAATCCTA-1,5
GTTTGAGCGGTTATGT-1,7
GTTTGGCCCAAGTTAT-1,5
GTTTGGCCGCTCAGCG-1,7
GTTTGGCGTCAGGCAC-1,4
GTTTGGGCTTGTGAGC-1,5
GTTTGGGTTTCGCCCG-1,1
GTTTGGTAGGGTCAAC-1,1
GTTTGTTAGCCAAGTA-1,6
TAAACCCAGGAGGGCA-1,1
TAAACGTCGTCAATGA-1,3
TAAAGACAACCCTTTA-1,2
TAAAGAGCCCGAAACC-1,3
TAAAGCGGTATTTCCA-1,6
TAAAGCGTTAGGAGAA-1,5
TAAAGCTGCAATAGGG-1,4
TAAAGGAGAAACTAGT-1,7
TAAATCTTTACACCTC-1,1
TAAATGAATCCGTTTC-1,3
TAAATGCCGTCTCATG-1,4
TAACAAAGGGAGAAGC-1,3
TAACAATATTTGTTGC-1,5
TAACAGCGTTTGTGCT-1,6
TAACATACAATGTGGG-1,1
TAACATACACGCGATC-1,1
TAACCGCCCGCAGTGC-1,7
TAACCTACCGTCCGAG-1,2
TAACCTAGGGAGTCCA-1,1
TAACGCTTTGAGAGCG-1,1
TAACTATCGAAGGTCC-1,5
TAACTATTACGCCAAA-1,5
TAACTCATCCGCGCGG-1,1
TAACTCCATGGAGGCT-1,3
TAAGATTTAGCGGGAG-1,3
TAAGCAGGCGACACGC-1,6
TAAGCCCTTACGACCA-1,8
TAAGGAACTTGTGGGA-1,3
TAAGGCAACATAAGAT-1,5
TAAGGCATAACATCAA-1,1
TAAGGCCCGTCACCCT-1,2
TAAGGCTGAATCCCTC-1,2
TAAGGGCCTGTCCGAT-1,1
TAAGGGCTGGGAGAGG-1,1
TAAGTAAATGTGCCGC-1,7
TAAGTAACATCTTGAC-1,1
TAAGTCGCCGAGTATC-1,1
TAAGTTGCGACGTAGG-1,2
TAATAAACAAGGAGAT-1,5
TAATACACAGTAGTAT-1,7
TAATAGAACAGAGTTA-1,2
TAATAGCTAAATGATG-1,5
TAATAGGTCACCAGAA-1,6
TAATAGTGACGACCAG-1,4
TAATATTGAAATTCGC-1,4
TAATCAACCAAATGGG-1,2
TAATCAGGAATGCTGC-1,7
TAATCGATCCGTACGT-1,4
TAATGAAAGACCCTTG-1,5
TAATTACGTCAGTAGA-1,2
TAATTAGATGGATATG-1,3
TAATTAGGACATCCGT-1,1
TAATTGGAATCGGGAA-1,8
TAATTTCCGTCCAGTA-1,4
TACAAATTGCGGAGGT-1,7
TACAACGCACAACTCA-1,1
TACAAGCTGTTCACTG-1,3
TACAAGTCTCGTGCAT-1,6
TACAATGAAACCAGCA-1,7
TACACCGTCGTTAGTC-1,4
TACAGAAACGGTGGGC-1,2
TACATAGGCATACACC-1,5
TACATCCCTATCCCTG-1,6
TACATGACCTTATCCG-1,5
TACATGCCGGAATTGT-1,2
TACATTTCTAACGTGC-1,5
TACCAAATAGCCCAGA-1,2
TACCAATAAAGTACCA-1,1
TACCAGAAGTAGGTTC-1,2
TACCAGCTAGGTTTAA-1,3
TACCATGTATTGATTT-1,1
TACCGCGGACTTGCAG-1,1
TACCGGCTCACTGCCC-1,1
TACCGGTCGTTTCCAT-1,1
TACCGTAGGTTAACTA-1,2
TACCGTGCCTCGGACC-1,2
TACCTACTCCCAGTAT-1,1
TACCTATCCCTAGAGG-1,6
TACCTCACGCTTGTAC-1,3
TACCTCAGTTGTCTGT-1,2
TACCTCCACACCAATG-1,6
TACCTGCTGCACTGTG-1,1
TACCTTAAGATTTCCC-1,1
TACGAACACGACTTCA-1,5
TACGACGCTTGCTGCG-1,1
TACGACTGCCTCTTAG-1,2
TACGAGAACTTCACGT-1,6
TACGATCCAAGCCACT-1,4
TACGATGTTGATCATC-1,1
TACGCAGTTCTTTCCT-1,1
TACGCCATATTCTAAT-1,6
TACGCCGAGGGTACCC-1,1
TACGCCGCCTCAGAAG-1,2
TACGCCTCCATTCCGA-1,2
TACGCTATAGAAACCT-1,2
TACGCTCGGTATTGGA-1,1
TACGGGATGCTAGCAG-1,4
TACGTAAAGCGGAGTG-1,1
TACGTACTAGTGCTGA-1,1
TACGTGCAAGGTTCCT-1,2
TACGTGCACTATGCTG-1,3
TACGTTTACCGGCAAT-1,2
TACTATGGTTCCTCAG-1,1
TACTCCTCTAGTTGAC-1,6
TACTCGGCACGCCGGG-1,6
TACTCTCCGAACAAAT-1,8
TACTCTTACTTTACTG-1,1
TACTCTTTCGTCTTCA-1,1
TACTGAACAGATTTAG-1,1
TACTGCAATCAATTAC-1,4
TACTGGACAGCTCGGC-1,1
TACTGTTTCTCTGGTA-1,1
TACTTGTTAGTAGTCC-1,8
TACTTTACTGAGCCGG-1,1
TACTTTCCGCACGCCA-1,6
TAGAAACCACTAAGTA-1,7
TAGAAAGGTGGCGCTA-1,8
TAGAAATTCACGTATA-1,6
TAGAATAGCCGATGAA-1,1
TAGAATTAAGGGCAAC-1,3
TAGACGAAACGCCAAT-1,1
TAGACGCCCGTACCGG-1,1
TAGACTACCTAGCGTT-1,2
TAGAGATCATGCAACT-1,1
TAGAGCTACGAAGAAC-1,5
TAGAGGTTCTACTTGT-1,2
TAGAGTCTAAGCGAAC-1,5
TAGATATGGACTGGAA-1,1
TAGATCCGAAGTCGCA-1,3
TAGATGGTTCCTTACT-1,1
TAGATTCCTGGTTATT-1,2
TAGCAACCTGTCACAA-1,7
TAGCAGTAAATACGCG-1,3
TAGCCATTTCAAAGTC-1,1
TAGCCGGCGGTCAGCG-1,8
TAGCGTCCCTCGATTG-1,2
TAGCGTCCGGTGTGGT-1,2
TAGCGTCGAATATTGA-1,1
TAGCGTTGGGTCTTAC-1,1
TAGCTAAGTCCGGGAG-1,5
TAGCTAGAAGGCATGA-1,1
TAGCTAGTGATGATGG-1,1
TAGCTCAGATCCTAGT-1,4
TAGCTCGCCTGATAAC-1,1
TAGCTGATGTGAAGCG-1,6
TAGGAACAGCCTCCAG-1,7
TAGGCATGTTACGCCA-1,2
TAGGCGATGAGGTCTC-1,1
TAGGCTAAAGTGGCAC-1,1
TAGGGAGCTTGGGATG-1,1
TAGGGTGTTTCAAGAG-1,3
TAGGTCCAAGTAAGGA-1,6
TAGGTCGCCGGAACTG-1,1
TAGGTGACGATAACCT-1,1
TAGGTGAGCCCTACTC-1,4
TAGGTGCTCGCCTAGC-1,2
TAGGTGTTCCACAGAT-1,1
TAGGTTCGAGTTCGTC-1,5
TAGTACCTTAGTGGTC-1,4
TAGTAGCTTATACCAG-1,1
TAGTCCCGGAGACCAC-1,6
TAGTCCGCAGAGAATG-1,5
TAGTCCGTATGCATAA-1,3
TAGTCGATCACGGGTT-1,2
TAGTCTAACAACGAGA-1,1
TAGTCTGTGACGTTGC-1,4
TAGTCTTTCCGAATTG-1,2
TAGTGAGAAGTGGTTG-1,7
TAGTGCCCTCCAGAGT-1,5
TAGTGGAACTCATACA-1,3
TAGTGTCAGAAACGGC-1,4
TAGTTAAGATAGGATA-1,3
TAGTTTATTCTTGCTT-1,3
TATAAATCCACAAGCT-1,3
TATAAGTGAGGATAGC-1,7
TATACACAGACGCCTT-1,1
TATACACGCAAAGTAT-1,3
TATACCGAGTGCCACA-1,2
TATACGCGTCATCACT-1,2
TATACTCATGCGGCAA-1,5
TATAGAGTCGCTTGAA-1,1
TATAGATGGTCGCAGT-1,1
TATAGCGCACGTTATC-1,6
TATAGGGTACTCATGA-1,6
TATATAGGGCTTTACG-1,6
TATATATCGAGAAATG-1,6
TATATCATTGATCAGT-1,1
TATATCCCTGGGAGGA-1,1
TATATGCTGGGTTGCC-1,5
TATATTACAAATGTCG-1,4
TATATTCGCGTCGATA-1,7
TATCAAAGGTCTGTAA-1,8
TATCACAGCACGGGCA-1,7
TATCACCATGTAAAGT-1,2
TATCACCCAACCGACC-1,4
TATCACTTCGAGTAAC-1,4
TATCAGTGGCGTAGTC-1,6
TATCCAATTGGTTATC-1,1
TATCCATATCATGCGA-1,7
TATCCGCACCGTCGGG-1,1
TATCCTGCATGGGAAT-1,3
TATCGATCTATGCATA-1,8
TATCGATGATTAAACG-1,7
TATCTACAGAGGTAAT-1,1
TATCTACCACAGCGGG-1,1
TATCTAGCCTAAAGGA-1,1
TATCTTGCAATACAAC-1,6
TATGAAGACAGGTGCG-1,6
TATGACCTTGCGCTGG-1,4
TATGATAAATCTAACG-1,7
TATGATCCGGCACGCC-1,5
TATGATCTTCTCTTTA-1,1
TATGATTCTGCTTGGT-1,3
TATGCTCCCTACTTAC-1,3
TATGGAGTTTCTCGTT-1,3
TATGGATGTGCTACGC-1,5
TATGGCCCGGCCTCGC-1,1
TATGGCTAGGCTAATT-1,5
TATGGGACCGAGCAGG-1,5
TATGGGTACGTATCGT-1,4
TATGGTCTGAGTAACA-1,5
TATGGTTAGTGGGAGA-1,1
TATGTAAAGTGCTTAA-1,6
TATGTCAAGACCGACT-1,2
TATGTCTCATTGTGCC-1,8
TATTAACACCAAAGCA-1,6
TATTAACCTGACCGCG-1,1
TATTACCATCCTGCTT-1,2
TATTATGTTTGCCTGC-1,6
TATTCAATTCTAATCC-1,8
TATTCCACTCAGCTCG-1,6
TATTCCGAGCTGTTAT-1,1
TATTCCGGCAGTCCTA-1,7
TATTCCTCCGCCCACT-1,2
TATTCGTGCCAGAATA-1,5
TATTGACATTTCTGCC-1,2
TATTTAGTCTAGATCG-1,3
TATTTATACCGAGTAG-1,3
TATTTGATTTGCACAG-1,2
TATTTGTTACCCTTTA-1,3
TCAAACAACCGCGTCG-1,4
TCAAACAATTAGGACA-1,4
TCAAACTTAGATTGTT-1,8
TCAAAGAGCTATCTGT-1,6
TCAAATTTGAGACTCA-1,1
TCAACAAAGATAATTC-1,2
TCAACACATTGGGTAA-1,7
TCAACATAGCGCCCTA-1,1
TCAACATCGACCGAGA-1,6
TCAACCATGTTCGGGC-1,7
TCAACGAGGAGACAAA-1,1
TCAACGCAGGAAATAA-1,1
TCAACGCGACCGGCAG-1,1
TCAACTAACGTATAAC-1,1
TCAACTGCAGAGTCAG-1,2
TCAAGAAATACTAGCT-1,1
TCAAGCGCGGACGGTA-1,2
TCAAGCTGCCTTGAAA-1,5
TCAAGGTTACTACACC-1,2
TCAATACAATTGCTGC-1,5
TCAATACGCCGTCATG-1,2
TCACAAACCGAGGTAC-1,2
TCACAGATCCTCAAAC-1,3
TCACAGCAAACTCGAA-1,2
TCACAGGAGAATAAGA-1,2
TCACAGGGAATCGCAA-1,1
TCACAGGTTATTGGGC-1,5
TCACATCTTATCTGAT-1,8
TCACCCTCTTAAGATT-1,2
TCACCGCTCGGCACTC-1,8
TCACGATGTCCGTGGA-1,1
TCACGCATTGTAGATC-1,4
TCACGGTCATCGCACA-1,3
TCACGTGCCCGATTCA-1,5
TCACTACGACCAATGC-1,4
TCACTATCGTGCAATC-1,7
TCACTCAGCGCATTAG-1,7
TCACTCGTGCAACGGC-1,4
TCACTCTTCGTCTGTC-1,4
TCAGAACCTCCACAGG-1,8
TCAGACGCTATAGAAG-1,1
TCAGAGTGTGAGCATG-1,8
TCAGATGGAGACGTAG-1,4
TCAGCAAATGCATCTC-1,8
TCAGCAGTAGGCCCTG-1,1
TCAGCCAATCCGTAAA-1,2
TCAGGGCGACTTCCTT-1,5
TCAGGGCGCAAACTCG-1,5
TCAGGGTGCACGAAAC-1,5
TCAGGGTGTAACGTAA-1,5
TCAGGTTCTTTGAGAA-1,5
TCAGTACTGACCCGCG-1,6
TCAGTAGGGACTATAA-1,5
TCAGTGTATACGTCAT-1,1
TCAGTTACGGAATGAT-1,7
TCATACTTACAGATCC-1,7
TCATATGAGCTTTGTT-1,1
TCATCACTCGAGCTCG-1,3
TCATCCCAGAGGGTGG-1,2
TCATCGATGGTCCCAA-1,1
TCATGCAGGTTCTCAT-1,4
TCATTCGTATAATTTG-1,4
TCATTTAAGTCTCCGA-1,1
TCATTTAGAAGTGTGA-1,2
TCCAACTTTAAATTCT-1,5
TCCAATAAAGGCTACC-1,2
TCCACAATGGTTTACG-1,1
TCCACCTCTAGCCTTT-1,1
TCCACTTTATCTAGGT-1,8
TCCAGAGCACCGGTTC-1,1
TCCAGATGTACGCCAA-1,4
TCCAGCGCTATAAGCG-1,2
TCCAGGCGAGTACGGT-1,4
TCCAGGGTATATACGA-1,1
TCCATTAGTTGGATAG-1,3
TCCATTCCCACTAGAG-1,4
TCCATTGTGACCTCGT-1,3
TCCCAAACAGACAACG-1,4
TCCCAAAGACGAAGGA-1,5
TCCCAAAGCCCTAAAT-1,1
TCCCACGGAGGGAGCT-1,3
TCCCACTCTCTTCCGG-1,1
TCCCAGCACACGACAT-1,1
TCCCAGCTTTAGTCTG-1,4
TCCCAGGCTTAGCTAA-1,5
TCCCGCCTATGTGCGT-1,2
TCCCGCGTACTCCTGG-1,4
TCCCGGGTGTGCTGCT-1,1
TCCCGGTCAGGAATTT-1,3
TCCCGTCAGTCCCGCA-1,8
TCCCGTCGCGTCATAG-1,5
TCCCGTGTGCAATTTG-1,1
TCCCTAGATCAATAGG-1,5
TCCCTCCGAAATCGTT-1,3
TCCCTGGCGTATTAAC-1,6
TCCCTGGCTCGCTGGA-1,1
TCCCTTAGATTACTCG-1,1
TCCGAACGTTGCCGCT-1,1
TCCGAACTTGGCTTAC-1,1
TCCGAAGTAGTCACCA-1,8
TCCGAATGGTCCTGAG-1,2
TCCGAGAAGGCTAAGC-1,3
TCCGATAATTGCCATA-1,7
TCCGATGACTGAGCTC-1,1
TCCGATGGTGCGACAT-1,3
TCCGATTACATTGCCG-1,5
TCCGCCTGTCTACAAG-1,1
TCCGCGGCAGCATCTG-1,8
TCCGCGGCCCAATGAA-1,2
TCCGCTGTCATCCCGG-1,2
TCCGCTTATCCCATTA-1,5
TCCGGAGGAAGGGCTG-1,4
TCCGGCCTAGCGTACA-1,5
TCCGGCCTGCATCGAT-1,3
TCCGGCTGTCGGGTCG-1,8
TCCGGTTCGTCCGGTC-1,2
TCCGTAACCACAATCC-1,3
TCCGTTAAGCTAATAT-1,2
TCCGTTTAGCCTTGAA-1,5
TCCTAAATTGGGAAGC-1,2
TCCTAACCGTCGGGCA-1,6
TCCTACATCCACGGCC-1,1
TCCTAGCAAAGAAGCT-1,5
TCCTATCATAGGTAAC-1,2
TCCTCCTAAGACATTC-1,6
TCCTCGGGCTGGGCTT-1,1
TCCTCTACGAGATGGC-1,5
TCCTCTCCAGTTGTCC-1,1
TCCTCTGGCCCATTAG-1,7
TCCTGCCAACTGGAGA-1,3
TCCTGCGTTGATACTC-1,1
TCCTGGCGCTGCCTGG-1,8
TCCTTACGACGGTCCG-1,2
TCCTTCAATCCCTACG-1,6
TCCTTCAGTGGTCGAA-1,7
TCCTTTAAATCCGCTT-1,1
TCCTTTCTTACGCTTA-1,1
TCGAAATTTAGGACCA-1,5
TCGAAGAACCGAGCAC-1,2
TCGAATATCCCGCAGG-1,6
TCGACAACTGAACCCG-1,6
TCGAGACCAACACCGT-1,5
TCGAGCCAGGCAGGCC-1,1
TCGAGGGCAACAGACG-1,2
TCGATAGGCTAGTCGC-1,3
TCGCAAAGATGCATTT-1,1
TCGCACCAGGAGGCAG-1,1
TCGCATCCCTAAGTGT-1,3
TCGCATTCAATGACTT-1,3
TCGCCCAACTGACTCC-1,4
TCGCCCACTGCGAGAG-1,6
TCGCCGAAGTTGCGTC-1,1
TCGCCGCACCGCGTGA-1,6
TCGCCGGATGGGCAAG-1,8
TCGCCGGTCGATCCGT-1,3
TCGCGTAGCAGTGTCC-1,4
TCGCGTCCAGAAGGTC-1,6
TCGCTAAACCGCTATC-1,4
TCGCTACTGGCTTTGA-1,2
TCGCTCGATATATTCC-1,5
TCGCTCGGCACCAGCG-1,4
TCGCTGGGCGGATTGT-1,4
TCGCTGTGCGTAAATC-1,3
TCGCTTAATTACGAAG-1,8
TCGCTTTAAACGTTTG-1,5
TCGGAATGACCATCAA-1,7
TCGGAATGCGCTCTGA-1,5
TCGGACGCCCAGCCCA-1,8
TCGGAGAGTATCGGGA-1,1
TCGGAGTACATGAGTA-1,8
TCGGCGAACCCAAACC-1,2
TCGGCGGTATTAGATT-1,7
TCGGCGTACTGCACAA-1,6
TCGGCTAACTTCCCTT-1,7
TCGGCTTGTATCGACG-1,1
TCGGGAACGTGCCTAG-1,2
TCGGGAGACAGCGTAC-1,1
TCGGGATTCAAACATA-1,6
TCGGGCACTTCTGGAT-1,3
TCGGGCCGTCGTGGTA-1,1
TCGGGTGAAACTGCTA-1,7
TCGGTCCCGACAATAG-1,6
TCGGTCCCTGACTCCA-1,7
TCGGTGACCGCTCCGG-1,4
TCGGTTAGCCATGTAG-1,3
TCGTAAGACGACATTG-1,4
TCGTAAGCTCCGAGGA-1,4
TCGTATAGTGCAATTA-1,7
TCGTATCACCAAGCTA-1,7
TCGTATTACCCATTGC-1,1
TCGTATTTCGTCCGGA-1,7
TCGTCAAGTACGCGCA-1,1
TCGTCACACTGTTAGC-1,5
TCGTCCGCTGGCGTCT-1,3
TCGTCCGGGTACACTC-1,4
TCGTCTTAGGCGTTAA-1,1
TCGTGTACTATGGATG-1,4
TCGTGTATTGGTCACG-1,4
TCGTGTCACGCTGACA-1,1
TCGTGTTCGACCACAA-1,1
TCGTTAGGAGTCCCTA-1,1
TCGTTCGTTATTATGT-1,7
TCGTTGACAGGGTCCC-1,5
TCGTTGCTATCCGGTC-1,2
TCGTTGGCTCGTCAAT-1,3
TCTAACTGTATGTAAA-1,1
TCTAATACTGCCTCAG-1,6
TCTACACGTTCATGCA-1,3
TCTACCCAATAGAGAG-1,2
TCTACCGTCCACAAGC-1,5
TCTACGGGCTCAGTTG-1,4
TCTAGCAATCTCCGCC-1,1
TCTAGCATCTTCGATG-1,3
TCTAGCATGCCCAGAA-1,1
TCTAGGTGGCGACGCT-1,8
TCTAGTGATATCGTGG-1,2
TCTAGTTATCAGAAGA-1,5
TCTATCATGCAGTTAC-1,3
TCTATCGGTCGCAACA-1,3
TCTATGCTATAACGAC-1,1
TCTATTACGCTGGCGA-1,3
TCTATTACTAGAGGAT-1,6
TCTCATGAGATAGGGT-1,2
TCTCCAACGTAGGTTA-1,4
TCTCCACAAGTTGAAT-1,1
TCTCCCTGGGCAGCGT-1,1
TCTCGAACGAGGTCAC-1,4
TCTCGACGTATCGCCG-1,1
TCTCGAGGAGGTTCGC-1,2
TCTCGGCTCCAGGACT-1,3
TCTCGTGTTACGAGGA-1,6
TCTCTAATAGCTGGTA-1,3
TCTCTCGCCGCACATA-1,2
TCTCTTACCGCGAACC-1,6
TCTGAACCGGTCGGCT-1,3
TCTGAACTCGTACCCG-1,2
TCTGAAGCACGTGGTC-1,1
TCTGAATTCCGTACAA-1,2
TCTGACGGGCTAACCC-1,5
TCTGAGCAATTGACTG-1,2
TCTGATCGGGTGCTAG-1,2
TCTGATGTATTCTGTC-1,2
TCTGATTGGAAATGGA-1,2
TCTGCACCATTAGTAA-1,4
TCTGCAGATTCGAGTC-1,5
TCTGCATACCTTGCTT-1,1
TCTGCCAGAAACTGCA-1,1
TCTGCGAATCGTTCGC-1,4
TCTGCGTCCGGTTTCT-1,3
TCTGCTTAGAACAAGC-1,2
TCTGGAGCGTAAGAGT-1,2
TCTGGCCGTTCAAGTT-1,2
TCTGGCGCAAGCCGGG-1,1
TCTGGGAACCTTTGAA-1,1
TCTGGGTAGCGCTCAT-1,1
TCTGTCATACAAGAGC-1,3
TCTGTGACTGACCGTT-1,3
TCTGTGATGGAGGTTG-1,4
TCTGTGCCATCATAGT-1,8
TCTGTGGCTACATTTC-1,4
TCTGTTACCCAGCATA-1,1
TCTTACAGAGGTACCG-1,3
TCTTACCGGAACTCGT-1,8
TCTTACGGCATCCGAC-1,5
TCTTACTTATGCCTCT-1,1
TCTTAGAGCTCCAATT-1,1
TCTTAGAGTGAACTCT-1,2
TCTTATGGGTAGTACC-1,3
TCTTCCCATGGGCACA-1,1
TCTTCGAATAGACGTT-1,5
TCTTCGATACCAATAA-1,8
TCTTCGCGGTGAGAGG-1,2
TCTTCTATAACCCGCC-1,1
TCTTGATGCGTAGCGA-1,8
TCTTGCTCCCGATACT-1,6
TCTTGGTAACACCAAA-1,3
TCTTTAAGACTATGAA-1,1
TCTTTAGAGTCTAACA-1,2
TCTTTAGCAGGCGAAC-1,2
TCTTTCCTTCGAGATA-1,2
TCTTTCTCTTAAGGAG-1,7
TGAAACCTCAACTCAC-1,7
TGAAACTTATGCAAGC-1,7
TGAAAGGACCTGACTC-1,2
TGAACAAGCAGGGACT-1,1
TGAACTGCTATGACTT-1,6
TGAAGAGCGGTCCTAG-1,4
TGAATATGCTATAAAC-1,8
TGAATGAGATACAGCA-1,4
TGAATGAGTGTTTCCC-1,6
TGAATGTCAGCCGGCC-1,2
TGAATTTCACTTGCCT-1,6
TGACAACGCATGTCGC-1,2
TGACACTTCTCTTTGC-1,4
TGACAGGACAAGTCCA-1,6
TGACATATATGACGAT-1,6
TGACATCGAGCGGACC-1,1
TGACCAAATCTTAAAC-1,1
TGACCAGCTTCAAAGT-1,5
TGACCCAACTCACATT-1,7
TGACCCACGTTAGACA-1,4
TGACCCAGCATTCCCG-1,4
TGACGAATATTTCCCT-1,1
TGACGATGCACTAGAA-1,2
TGACTATAATCCTTTC-1,1
TGAGAATGCTTTACCG-1,3
TGAGACGTACCTCTCA-1,6
TGAGAGATTTACCACG-1,2
TGAGATCAAATACTCA-1,7
TGAGATTAGGCCCTAA-1,4
TGAGCAGTCGTGAAGT-1,3
TGAGCCATACAGTCTC-1,1
TGAGCGGAAAGTGTTC-1,1
TGAGCTCAACTGTATA-1,8
TGAGCTTTAATGACGC-1,8
TGAGGAGTGCCAGCTT-1,2
TGAGGCATGTACTGTG-1,6
TGAGGTTGATCCCAAG-1,3
TGAGTAAATTAGCGTA-1,1
TGAGTGCCTCTTAAAT-1,1
TGAGTGGTCCGTGACG-1,8
TGAGTTAAAGACATTC-1,2
TGATACATTTAGCCGT-1,1
TGATAGCGGGATTCTA-1,8
TGATCAGGGAACTGCT-1,6
TGATCCCAGCATTAGT-1,5
TGATCGGTTTGACCCT-1,5
TGATCTACGCTGATCT-1,4
TGATCTCCGGCGCCAG-1,5
TGATGCTCACGTAGTC-1,4
TGATGGCTGTTTCTGA-1,1
TGATGTCAATTAAGTG-1,2
TGATTATGGCACGCAG-1,8
TGATTCAGGTCCCGCG-1,6
TGATTCCCGGTTACCT-1,6
TGATTCGTCTATCACT-1,5
TGATTCTGTCGCCGGT-1,2
TGATTTATTAGCTGTG-1,4
TGATTTCCTCCTGACG-1,3
TGCAAACCCACATCAA-1,7
TGCAACCCATCTGCGG-1,1
TGCAAGAATGACGTAA-1,5
TGCAATCTAACACGGT-1,1
TGCAATTTGGGCACGG-1,4
TGCACAGTGAAGTTAT-1,4
TGCACGAGTCGGCAGC-1,7
TGCACTATGTGAGTGC-1,7
TGCAGAACTATATCGT-1,1
TGCAGAGTACCGAGCA-1,5
TGCAGATCGTCCTAGG-1,1
TGCAGCTACGTACTTC-1,6
TGCAGGATCGGCAAAG-1,4
TGCAGTGAGGCTCGGG-1,8
TGCAGTTTCCTCCCAT-1,2
TGCATATGTCTGTCAC-1,1
TGCATCTCCGGATCTT-1,3
TGCATGGATCGGATCT-1,7
TGCATGGCAGTCTTGC-1,7
TGCATGTGGTAATCTA-1,8
TGCCAAAGTCAGACTT-1,1
TGCCAATGGGTACTCT-1,1
TGCCACACTAGAGGAA-1,6
TGCCACCTGGCGAAAC-1,1
TGCCAGTACGTGGAGA-1,1
TGCCATGGCTTATAAG-1,7
TGCCATTACTAAAGAA-1,8
TGCCCGTACCGTTAAA-1,1
TGCCGAAAGCGTATTC-1,2
TGCCGGATGTACGAGC-1,6
TGCCGTGGATCGTCCT-1,1
TGCCTAAATTTAATAG-1,2
TGCCTAATTGAAGATT-1,2
TGCCTGACATCGGTCA-1,7
TGCCTGATCAAACGAT-1,3
TGCCTTGGCCAGGCAA-1,1
TGCGAATATGGGATTT-1,6
TGCGACACCCTAGTGC-1,1
TGCGACGGCCGAACGT-1,1
TGCGAGAATATTACCC-1,2
TGCGAGATGGCGGCCA-1,4
TGCGAGCCCTTCCGCG-1,4
TGCGATGCTAATGGCT-1,5
TGCGCAAAGCATTTGG-1,8
TGCGCCGTTAATAACG-1,2
TGCGCGATTAACGGAG-1,5
TGCGGAGTAAAGGTGC-1,2
TGCGGCATAGTTCAAC-1,3
TGCGGGTATTGGGATC-1,3
TGCGGTCTACGAGTAA-1,7
TGCGGTGAAATTTCAT-1,3
TGCGTAAGAACCTGAT-1,2
TGCGTCATGACTGAGC-1,6
TGCGTGATTGGGTGTC-1,3
TGCGTTTGTTGACACT-1,1
TGCTAAGTGTCTATTT-1,1
TGCTATACAAACGGAC-1,7
TGCTCACACAACAACC-1,3
TGCTCCACAGTTCTTA-1,2
TGCTCGGCGAAACCCA-1,1
TGCTCGGTGGGTCACC-1,1
TGCTCTGCCGGTTCAC-1,1
TGCTCTTGAGAGTTTG-1,6
TGCTGCGTCAGAGTTA-1,4
TGCTGGTTGGACAATT-1,3
TGCTGTTGAAGAACTC-1,1
TGCTTAGAGAGAATGC-1,6
TGCTTCCCAAGCAGTA-1,1
TGCTTGAAACCATGCA-1,7
TGGAACCACTGACACA-1,4
TGGAAGAAGGGAACGT-1,1
TGGAAGACGAACACCA-1,3
TGGAAGGATAAAGATG-1,3
TGGAATATCCTTGACC-1,4
TGGAATTAGACGCTTT-1,5
TGGACACCGTTGCTTG-1,5
TGGACCAATCTAAGAT-1,1
TGGACCACGGCGTTGA-1,7
TGGACGCAATCCAGCC-1,6
TGGACTGTTCGCTCAA-1,2
TGGAGCTAAAGTTCCC-1,7
TGGAGGGAAACACCTC-1,8
TGGAGTGATGCGATGA-1,5
TGGATAGAGTAACAGA-1,3
TGGCAAACTAAATTAC-1,1
TGGCAACTCGCGCGCC-1,4
TGGCAATGGGACGGCG-1,2
TGGCACGAGCTCGAGT-1,4
TGGCAGATTACGATCA-1,2
TGGCAGCAGTAATAGT-1,5
TGGCATGAAGTTTGGG-1,1
TGGCCAAACTGAAGTA-1,5
TGGCCAATTTGGTACT-1,6
TGGCCGTATATTGACC-1,5
TGGCGACTGCTCCAAA-1,6
TGGCGATCAAGTTATG-1,1
TGGCGGTGTGCGATTG-1,3
TGGCTACACTCTACCT-1,2
TGGCTATGTGACATAC-1,1
TGGCTCTTGTCGCGTA-1,6
TGGCTTGTACAAGCTT-1,4
TGGCTTTGGGTAGACA-1,3
TGGGAAATGCCTTTCC-1,5
TGGGATGCACTCATTC-1,4
TGGGCAATAGTTGGGT-1,2
TGGGCACAAACAGAAC-1,3
TGGGCACGTTCTATGG-1,3
TGGGCAGGCCACCGCA-1,2
TGGGCCACAAGAGCGC-1,4
TGGGCCCATACTAATT-1,1
TGGGTAAGGTTCCCGC-1,3
TGGGTGGGATGTCATT-1,4
TGGGTTCCCGGACGGA-1,4
TGGTAAGCAGGATTGA-1,1
TGGTAGAATATATGGG-1,2
TGGTATCGCATCCCAA-1,3
TGGTATCGGTCTGTAT-1,7
TGGTCCCACGCTACGG-1,1
TGGTCGTGCAAGGCAA-1,6
TGGTCGTTTGATAGAT-1,7
TGGTCTAGCTTACATG-1,5
TGGTCTGTTGGGCGTA-1,5
TGGTGATCGTATTTGT-1,5
TGGTTAAGGGCGCTGG-1,5
TGGTTATGCTTGCGGT-1,5
TGGTTCAACGGGTAAT-1,1
TGGTTCGTAGCAAAGG-1,3
TGGTTGGAGGATCCTG-1,3
TGGTTTAAACGTGGGT-1,4
TGTAACTTGTCAACCT-1,3
TGTAATGACCACAATA-1,6
TGTAATGCCTTCGGAC-1,4
TGTACCTACACGAGGG-1,2
TGTACGAACAAATCCG-1,5
TGTACGCTATCAGCTT-1,7
TGTACTACTCTCACGG-1,4
TGTACTGTGCCAAAGT-1,3
TGTAGCCATCCCATTC-1,1
TGTAGGAGAAATTTCC-1,5
TGTAGTGATCTATAAT-1,1
TGTATAACAGATCCTG-1,8
TGTATACGGATGATGA-1,4
TGTATCAGACTGAAGC-1,4
TGTATCCTTATTCCAT-1,5
TGTATGGCGCAGACAG-1,1
TGTATTTACCTAATGC-1,4
TGTCATTTGTTGGGAA-1,4
TGTCCCGACATAGCAC-1,7
TGTCCGTGGCGCCTTT-1,6
TGTCCTAAGTCACCGC-1,1
TGTCGGCATGGTGGAA-1,3
TGTCTACAGTTTCTGT-1,7
TGTGACTACGCCAGTC-1,1
TGTGAGACTAGCCCAA-1,2
TGTGATTCCAGCGCTT-1,7
TGTGCCGGTGCCGGAA-1,1
TGTGCTTTACGTAAGA-1,6
TGTGGACTATCTACGT-1,2
TGTGGAGGAAGCTTAA-1,7
TGTGGCAAAGCGTATG-1,8
TGTGGCGGGCTTCTGG-1,6
TGTGGCTCCCACCAAC-1,2
TGTGGTAGGGTGCCTT-1,1
TGTGGTTGCTAAAGCT-1,6
TGTGTAGTAGCACGTG-1,1
TGTGTCGAAGTCGAGG-1,4
TGTGTCGCGAGTTGCA-1,3
TGTGTGACCATGAATC-1,6
TGTGTTCGTATCCAAG-1,1
TGTTATTGTATGTGGC-1,2
TGTTCATAAATGTGCT-1,5
TGTTCCGCTTCCATGA-1,1
TGTTCGTATTGCGGTG-1,1
TGTTCTCTACTCCCTA-1,8
TGTTCTTCCATTGACT-1,5
TGTTGATCACTGTTTA-1,4
TGTTGCCGTCGTCCCA-1,1
TGTTGTCAAGAAGTCT-1,4
TGTTTAATACTTCATC-1,7
TGTTTCGGTACTTCTC-1,3
TGTTTGAGATCGTCAG-1,2
TTAAACAGAGTCCCGC-1,3
TTAAACCGGTAGCGAC-1,7
TTAAACCTGGTTCCTT-1,5
TTAAACTCGAATTCAT-1,1
TTAACACCTCGAACAT-1,5
TTAACCAACCCTCCCT-1,7
TTAACGAACAAGCAGT-1,4
TTAACGTCGCAAGACC-1,7
TTAACGTTAAAGCCTG-1,6
TTAACTCACGCGTGGA-1,5
TTAACTTCAGGTAGGA-1,1
TTAAGACGAACGAACC-1,1
TTAAGATAGGATTGAC-1,2
TTAAGCCGACAACTTC-1,3
TTAAGCGCCTGACCCA-1,5
TTAAGGATACGGAGGT-1,3
TTAAGGCCCGTACTTT-1,1
TTAAGTATTGTTATCC-1,1
TTAATCAGTACGTCAG-1,4
TTAATGCGAGGTAACT-1,7
TTAATGTAGACCAGGT-1,8
TTAATTGCTTTGGGTG-1,1
TTAATTTCAGACGCGG-1,7
TTACAACTACGCATCC-1,7
TTACACGATCTGCGAC-1,1
TTACAGACCTAAATGA-1,4
TTACATCGTGGCCTGG-1,3
TTACATGCCACAACTA-1,1
TTACCATTGATTACCC-1,1
TTACCCATTGCCGGGT-1,4
TTACCCTAACAGTCCT-1,5
TTACCCTAGGGATTGG-1,1
TTACCGCCTTAGGGAA-1,3
TTACGGATGGTTCGAG-1,8
TTACGGTGTCACCGAG-1,7
TTACGTAGCGCGTGCT-1,7
TTACTAAAGGACTTTA-1,5
TTACTATCGGCTTCTC-1,5
TTACTCCGGCCGGGAA-1,8
TTACTCTGGTACGTAC-1,1
TTACTGGGATATTTCA-1,2
TTACTGTCTAGAGCTC-1,4
TTACTGTTTCTCTACG-1,7
TTAGAAGAACATGACT-1,1
TTAGAATAAGGGTCGG-1,6
TTAGACACGATCGTTG-1,4
TTAGACGAGTCACCTC-1,2
TTAGAGGGATATACAG-1,4
TTAGAGTTTAGAAGGA-1,1
TTAGATAGGTCGATAC-1,7
TTAGCAACATGGATGT-1,3
TTAGCTAATACGATCT-1,4
TTAGCTCTGTAATCCG-1,1
TTAGCTGATTTGCCGT-1,1
TTAGGATGGGAGGGTA-1,2
TTAGGTCATAACCGAC-1,1
TTAGTAAACCTGCTCT-1,2
TTAGTAGGGCGGCGGG-1,1
TTAGTTATTCGTGGCA-1,2
TTAGTTCAAGTGTTCG-1,4
TTATAGATGCACATTA-1,3
TTATAGGTAATTGTCT-1,1
TTATAGTCCAAGGTGC-1,4
TTATATACGCTGTCAC-1,1
TTATATTTGGCAATCC-1,4
TTATCATACTCGCAAA-1,7
TTATCCAATCGAACTC-1,3
TTATCCGGGATCTATA-1,2
TTATCCTCAAGGAATA-1,6
TTATCGCCTGCGAAGC-1,1
TTATCTGACATTAGGA-1,6
TTATCTGTATCATAAC-1,3
TTATGAATGAAAGGGA-1,2
TTATGACAAACTGGAT-1,5
TTATGATCTTAACGAA-1,1
TTATGCGTCCCGGTCC-1,3
TTATGTTTGCGATAGA-1,5
TTATTAGAGCGTGTTC-1,2
TTATTAGGGAAGCATC-1,3
TTATTATCTGGAAGGC-1,2
TTCAAAGTCTCTAGCC-1,8
TTCAACGACCCGACCG-1,3
TTCAAGCCGAGCTGAG-1,3
TTCAATACTCTGAATC-1,1
TTCAATTAGCCATAAT-1,7
TTCACGAAAGGATCAC-1,5
TTCACTCGAGCACCTA-1,1
TTCACTTCCTAGAACG-1,1
TTCAGAGTAACCTGAC-1,3
TTCAGCCCTGGTCCAC-1,1
TTCAGCTGGCGTGCCC-1,2
TTCAGGCGTCAAAGCC-1,6
TTCAGTTTGTGGCAGC-1,5
TTCATGGCGCAACAGG-1,3
TTCCAATCAGAGCTAG-1,2
TTCCAATCTGGCTATC-1,1
TTCCACACAGATTTGA-1,1
TTCCACATTTCTCGTC-1,7
TTCCAGACGAGATTTA-1,1
TTCCATCATGCGGTGA-1,4
TTCCATCGACAGCGTG-1,1
TTCCCGACGCTTCACT-1,7
TTCCCGGCGCCAATAG-1,6
TTCCGCAGAGAAATAT-1,4
TTCCGCGTGAGGCGAT-1,2
TTCCGGCCTTGAGGCT-1,1
TTCCGGCTCGACTTCT-1,4
TTCCGGTATCTGTGTC-1,2
TTCCGGTTACCCACTT-1,1
TTCCTCGAGGGTGTCT-1,3
TTCCTCGGACTAACCA-1,2
TTCCTCTGCCCGAATA-1,1
TTCCTTTCTGTGTTGC-1,3
TTCGACAGAGCCCGTG-1,1
TTCGACGGGAAGGGCG-1,3
TTCGAGCCGGCGCTAC-1,4
TTCGCACTCGCGTGCT-1,3
TTCGCACTGTACGACA-1,2
TTCGCATCCGGAAGCA-1,3
TTCGCGCGCCATACGA-1,1
TTCGCTAGGAAGTTGT-1,1
TTCGCTATCTGACGTG-1,4
TTCGGACTGATGCCTT-1,4
TTCGGCAACCCGCTGA-1,4
TTCGGCTAGAGATGGT-1,3
TTCGGGACTAATCGCG-1,1
TTCGGGCGCTAGTCTT-1,1
TTCGGGTTGCCACGGG-1,2
TTCGGTGGAGACGCCC-1,1
TTCGTAATCCCAGCGG-1,3
TTCGTACTCCAGAACG-1,5
TTCGTGGGCTGGAAGC-1,4
TTCGTTCAACGAAGTT-1,4
TTCTAACCGAAGCTTA-1,1
TTCTACCTTTATGTTG-1,3
TTCTACTTGCGAGGGC-1,4
TTCTAGAAAGTCTTAT-1,6
TTCTAGGCCAATTGTG-1,3
TTCTATGCCTTTCGCA-1,5
TTCTGACCGGGCTCAA-1,2
TTCTGCCGCGCCTAGA-1,1
TTCTGCGAGCGCCCTT-1,6
TTCTGCGGGTTAGCGG-1,1
TTCTGCTAGACTCCAA-1,5
TTCTGTTTCCTGTCGC-1,4
TTCTTAGTGAACGGTG-1,3
TTCTTAGTGGCTCAGA-1,3
TTCTTATCCGCTGGGT-1,2
TTCTTCCCTTTGATAT-1,3
TTCTTCGCAATAGAGC-1,7
TTCTTGAGCCGCGCTA-1,1
TTCTTGCTAGCATCTC-1,1
TTCTTGGACGATCTGC-1,6
TTCTTGGAGTAATGAG-1,8
TTCTTGTAACCTAATG-1,3
TTCTTGTGTCCATCAG-1,1
TTCTTTGGTCGCGACG-1,4
TTGAAAGGTGTAAAGG-1,8
TTGAACGAATCCTTTG-1,3
TTGAACGACGTGCTGA-1,1
TTGAAGAATTCCCAGG-1,5
TTGAATATGGACTTTC-1,8
TTGAATCGTTGTATAA-1,6
TTGAATTCACGTGAGG-1,1
TTGACAGGAGCTCCCG-1,1
TTGACATGAACGTGGA-1,1
TTGACCAGGAACAACT-1,2
TTGACCATGTTCTCCG-1,4
TTGACCGTGTTAATGA-1,1
TTGACGATTCAGCACG-1,7
TTGACGCTCCATGAGC-1,2
TTGACTACCATATGGT-1,4
TTGACTATTGTCCGGC-1,2
TTGAGAAGTTTAGCAT-1,2
TTGAGAGTACTGCTAA-1,6
TTGAGCAGCCCACGGT-1,1
TTGAGCGCCACGTGAT-1,1
TTGAGGCATTTAACTC-1,2
TTGAGGGTCGAACGCG-1,4
TTGAGTCCCGCTGCTG-1,2
TTGATAGTCAATACAT-1,5
TTGATCTAACTTTGTC-1,5
TTGATGTGTAGTCCCG-1,4
TTGATTAGCTGTTTCT-1,5
TTGATTATGCAGATGA-1,5
TTGCACAATTCAGAAA-1,2
TTGCACGGAGCAGCAC-1,7
TTGCAGGTCATGAAGT-1,7
TTGCATGCTGATCACG-1,1
TTGCCAAGCAGAACCC-1,2
TTGCCATAGCCCGCTC-1,1
TTGCCCTGATCACGGG-1,1
TTGCCGCTTTCTAGTA-1,1
TTGCCGGTGATCCCTC-1,4
TTGCGCTCTCTCGCTT-1,1
TTGCGGCATCAGAAAG-1,1
TTGCGGCGACTCATGC-1,7
TTGCGTAGTTTGAGGA-1,5
TTGCGTCGGCCAACCG-1,1
TTGCGTGAACGCTTAG-1,4
TTGCTAGCTACCAATC-1,7
TTGCTCCCATACCGGA-1,3
TTGCTGAAGGAACCAC-1,7
TTGCTGATCATGTTCG-1,4
TTGCTGCACCTATCCA-1,5
TTGCTGGCCGGGCTTC-1,7
TTGGAAGAATACAGTC-1,1
TTGGACATGTGGCTTA-1,1
TTGGACCATCTGGCAA-1,2
TTGGACCTATAACAGT-1,1
TTGGAGTCTCCCTTCT-1,3
TTGGATATCGTCTACG-1,1
TTGGATCGACTTCTGG-1,3
TTGGATTGGGTACCAC-1,3
TTGGCCATCTTGCGCT-1,3
TTGGCCTAGAATTTCG-1,3
TTGGCGATCCGAATAT-1,2
TTGGCTCGCATGAGAC-1,3
TTGGGACACTGCCCGC-1,5
TTGGGACGTAAGAGTT-1,2
TTGGGCGGCGGTTGCC-1,8
TTGGGTTTATTCAGCG-1,4
TTGGTATGGCTTGTGT-1,2
TTGGTCACACTCGTAA-1,1
TTGGTGCGGTGTTGAA-1,4
TTGGTTCGCTCAAAGG-1,1
TTGGTTGCGGTGCGCG-1,6
TTGTAACTTCATAGCG-1,3
TTGTAAGGACCTAAGT-1,1
TTGTAAGGCCAGTTGG-1,4
TTGTAATCCGTACTCG-1,5
TTGTACACCTCGAACA-1,6
TTGTATCACACAGAAT-1,7
TTGTCACCGCGGTATC-1,6
TTGTCGTTCAGTTACC-1,3
TTGTGAACCTAATCCG-1,1
TTGTGAGGCATGACGC-1,6
TTGTGCAGCCACGTCA-1,1
TTGTGGCCCTGACAGT-1,3
TTGTGGTAGGAGGGAT-1,1
TTGTGGTATAGGTATG-1,8
TTGTGGTGGTACTAAG-1,2
TTGTGTATGCCACCAA-1,1
TTGTGTTTCCCGAAAG-1,1
TTGTTAGCAAATTCGA-1,3
TTGTTCAGTGTGCTAC-1,3
TTGTTCTAGATACGCT-1,1
TTGTTGTGTGTCAAGA-1,8
TTGTTTCACATCCAGG-1,1
TTGTTTCATTAGTCTA-1,1
TTGTTTCCATACAACT-1,1
TTGTTTGTGTAAATTC-1,7
