NAME	# MATCHING PROBE SETS	MATCHING PROBE SET(S)	
POMC	1	POMC	
HCRT	1	HCRT	
PCDH19	1	PCDH19	
SLITRK4	1	SLITRK4	
CDH13	1	CDH13	
RAB9B	1	RAB9B	
GABRA5	1	GABRA5	
CREG2	1	CREG2	
FBXL18	1	FBXL18	
RBFOX1	1	RBFOX1	
PDE1A	1	PDE1A	
RGS17	1	RGS17	
GABRA1	1	GABRA1	
GRIN2B	1	GRIN2B	
SYT6	1	SYT6	
CAMK2A	1	CAMK2A	
SVOP	1	SVOP	
SLC8A1	1	SLC8A1	
GABRQ	1	GABRQ	
COA7	1	COA7	
HHIP	1	HHIP	
PNMA6F	1	PNMA6F	
SLC7A10	1	SLC7A10	
CDH8	1	CDH8	
DIRAS2	1	DIRAS2	
MT-ND6	1	MT-ND6	
GLRA3	1	GLRA3	
LRRC7	1	LRRC7	
ERC2	1	ERC2	
NRGN	1	NRGN	
ANKRD34B	1	ANKRD34B	
SHC3	1	SHC3	
RNF128	1	RNF128	
LRP2	1	LRP2	
SHISAL2B	1	SHISAL2B	
SLC35F1	1	SLC35F1	
SSTR2	1	SSTR2	
ZNF654	1	ZNF654	
VSNL1	1	VSNL1	
MYT1L	1	MYT1L	
CAMKV	1	CAMKV	
PLPPR1	1	PLPPR1	
TDRKH	1	TDRKH	
DLX1	1	DLX1	
ENC1	1	ENC1	
GABRA4	1	GABRA4	
SLC24A3	1	SLC24A3	
DNM3	1	DNM3	
OPALIN	1	OPALIN	
PWWP3B	1	PWWP3B	
RAPGEF4	1	RAPGEF4	
SOCS5	1	SOCS5	
CPNE5	1	CPNE5	
CELF5	1	CELF5	
DOK6	1	DOK6	
DLG4	1	DLG4	
FNDC9	1	FNDC9	
EPCAM	1	EPCAM	
GAD1	1	GAD1	
ASIC1	1	ASIC1	
GUCY1A1	1	GUCY1A1	
GNG2	1	GNG2	
GJB6	1	GJB6	
ANK3	1	ANK3	
RBP4	1	RBP4	
PAK3	1	PAK3	
LRRTM1	1	LRRTM1	
GABRE	1	GABRE	
DLK1	1	DLK1	
DGKI	1	DGKI	
SYNPR	1	SYNPR	
HRH3	1	HRH3	
ZFR2	1	ZFR2	
NHSL2	1	NHSL2	
CALB2	1	CALB2	
KCND2	1	KCND2	
MEMO1	1	MEMO1	
CDH18	1	CDH18	
SLC10A4	1	SLC10A4	
CSRNP3	1	CSRNP3	
CHODL	1	CHODL	
PCLO	1	PCLO	
KCTD16	1	KCTD16	
SYT13	1	SYT13	
STX1B	1	STX1B	
KCNK12	1	KCNK12	
SNTG1	1	SNTG1	
ZFPM2	1	ZFPM2	
SLITRK1	1	SLITRK1	
ZNF248	1	ZNF248	
CAMK1G	1	CAMK1G	
ATCAY	1	ATCAY	
AK5	1	AK5	
HOOK1	1	HOOK1	
ABTB3	1	BTBD11	
SLC24A2	1	SLC24A2	
ICA1	1	ICA1	
HENMT1	1	HENMT1	
SIX6	1	SIX6	
SLIT1	1	SLIT1	
DDX10	1	DDX10	
SLC1A1	1	SLC1A1	
HCN1	1	HCN1	
DACH2	1	DACH2	
RTP5	1	RTP5	
VAMP1	1	VAMP1	
KANSL1-AS1	1	KANSL1-AS1	
CDKN2D	1	CDKN2D	
ZNF350	1	ZNF350	
TULP4	1	TULP4	
GRM5	1	GRM5	
MOBP	1	MOBP	
NFAT5	1	NFAT5	
USP27X	1	USP27X	
PRKCB	1	PRKCB	
MIR193BHG	1	MIR193BHG	
PRR36	1	PRR36	
CACNA2D2	1	CACNA2D2	
CHRNB2	1	CHRNB2	
ELAVL2	1	ELAVL2	
CA10	1	CA10	
AMPH	1	AMPH	
SILC1	1	SILC1	
MAGEL2	1	MAGEL2	
KRT18	1	KRT18	
ZNF324	1	ZNF324	
ZNF540	1	ZNF540	
GRB10	1	GRB10	
TRHDE	1	TRHDE	
CDK5R1	1	CDK5R1	
FXYD7	1	FXYD7	
COL9A1	1	COL9A1	
ST8SIA3	1	ST8SIA3	
GRM3	1	GRM3	
SYT1	1	SYT1	
TRIM46	1	TRIM46	
LGR5	1	LGR5	
SYN2	1	SYN2	
NPTX1	1	NPTX1	
PLPPR3	1	PLPPR3	
NEFM	1	NEFM	
YPEL4	1	YPEL4	
PNMA8B	1	PNMA8B	
SLC8A2	1	SLC8A2	
VGF	1	VGF	
NAPB	1	NAPB	
BEX5	1	BEX5	
RIMS1	1	RIMS1	
MT-ATP8	1	MT-ATP8	
ZCCHC12	1	ZCCHC12	
CRTC1	1	CRTC1	
CELF4	1	CELF4	
HPCA	1	HPCA	
GPRIN1	1	GPRIN1	
CXCL14	1	CXCL14	
SLC7A14	1	SLC7A14	
VWC2	1	VWC2	
TRO	1	TRO	
SCN2A	1	SCN2A	
FSD1	1	FSD1	
PEG10	1	PEG10	
MIR7-3HG	1	MIR7-3HG	
GAP43	1	GAP43	
FBXW7	1	FBXW7	
NPY	1	NPY	
MCF2	1	MCF2	
SLC12A5	1	SLC12A5	
CBLN1	1	CBLN1	
SEZ6L	1	SEZ6L	
PGAP1	1	PGAP1	
PRKAR1B	1	PRKAR1B	
CARTPT	1	CARTPT	
TENT4B	1	TENT4B	
HS6ST2	1	HS6ST2	
MAP2	1	MAP2	
SLC6A15	1	SLC6A15	
DOC2B	1	DOC2B	
THY1	1	THY1	
MT-ND4L	1	MT-ND4L	
SEMA5A	1	SEMA5A	
GABRB1	1	GABRB1	
FAM171A2	1	FAM171A2	
RUNDC3A	1	RUNDC3A	
RASGRP2	1	RASGRP2	
RASGRF2	1	RASGRF2	
RUNDC3B	1	RUNDC3B	
NSG2	1	NSG2	
UBE2QL1	1	UBE2QL1	
NEGR1	1	NEGR1	
NECTIN1	1	NECTIN1	
CXXC4	1	CXXC4	
AGAP1	1	AGAP1	
SETMAR	1	SETMAR	
CHGB	1	CHGB	
NUDT11	1	NUDT11	
KCNC1	1	KCNC1	
MAMLD1	1	MAMLD1	
ELAVL4	1	ELAVL4	
TTC39A	1	TTC39A	
GRIA2	1	GRIA2	
GLRA2	1	GLRA2	
DLGAP3	1	DLGAP3	
CDYL2	1	CDYL2	
RAPGEF5	1	RAPGEF5	
VPS50	1	VPS50	
SV2B	1	SV2B	
GLT1D1	1	GLT1D1	
CPEB3	1	CPEB3	
RAB3C	1	RAB3C	
PRKCE	1	PRKCE	
PANK1	1	PANK1	
MT-CO3	1	MT-CO3	
GUCY1B1	1	GUCY1B1	
ANKRD34C	1	ANKRD34C	
NOL4	1	NOL4	
PEG3	1	PEG3	
KCNJ3	1	KCNJ3	
NEFH	1	NEFH	
TSPAN9	1	TSPAN9	
NECAP1	1	NECAP1	
NAP1L5	1	NAP1L5	
PTPN5	1	PTPN5	
PGM2L1	1	PGM2L1	
SNHG7	1	SNHG7	
CNR1	1	CNR1	
CHD5	1	CHD5	
TMEM196	1	TMEM196	
MT-CO1	1	MT-CO1	
PPP1R9A	1	PPP1R9A	
RAB33A	1	RAB33A	
HCN2	1	HCN2	
KDM8	1	KDM8	
FBLL1	1	FBLL1	
TMEM181	1	TMEM181	
CELF3	1	CELF3	
STOX2	1	STOX2	
SCN3A	1	SCN3A	
NKX2-2	1	NKX2-2	
NRSN1	1	NRSN1	
MEG8	1	MEG8	
MMP17	1	MMP17	
CRTAC1	1	CRTAC1	
PRKCZ	1	PRKCZ	
SNAP91	1	SNAP91	
CDKL5	1	CDKL5	
STUM	1	STUM	
WDR89	1	WDR89	
KDM4C	1	KDM4C	
ANGEL1	1	ANGEL1	
RNF175	1	RNF175	
QPCT	1	QPCT	
FGF14	1	FGF14	
LRCH2	1	LRCH2	
MUL1	1	MUL1	
FGF13	1	FGF13	
SYN1	1	SYN1	
MT-ND1	1	MT-ND1	
ZNF397	1	ZNF397	
GNAL	1	GNAL	
RALYL	1	RALYL	
ATP8A2	1	ATP8A2	
PCDH17	1	PCDH17	
ECEL1	1	ECEL1	
ZNF517	1	ZNF517	
SCG2	1	SCG2	
DNAJC6	1	DNAJC6	
E2F6	1	E2F6	
SRCIN1	1	SRCIN1	
ERMN	1	ERMN	
TMEM260	1	TMEM260	
CACNB2	1	CACNB2	
CACNA2D1	1	CACNA2D1	
PLPPR4	1	PLPPR4	
NSF	1	NSF	
RAB3B	1	RAB3B	
CNDP1	1	CNDP1	
ZNF737	1	ZNF737	
YWHAG	1	YWHAG	
ZFHX4	1	ZFHX4	
DYNC1I1	1	DYNC1I1	
NAP1L2	1	NAP1L2	
LDB3	1	LDB3	
ADARB1	1	ADARB1	
GAD2	1	GAD2	
PTPN4	1	PTPN4	
RAB37	1	RAB37	
RCAN2	1	RCAN2	
MLLT3	1	MLLT3	
DHRS11	1	DHRS11	
GEMIN5	1	GEMIN5	
ELOVL4	1	ELOVL4	
MYH7	1	MYH7	
PCDH8	1	PCDH8	
SLC1A2	1	SLC1A2	
SMIM17	1	SMIM17	
HEYL	1	HEYL	
RPP14	1	RPP14	
HYCC2	1	FAM126B	
RIMS2	1	RIMS2	
ELMOD1	1	ELMOD1	
ARHGEF2	1	ARHGEF2	
LUZP1	1	LUZP1	
MT-CO2	1	MT-CO2	
PCSK2	1	PCSK2	
DMXL2	1	DMXL2	
COX10	1	COX10	
RAP1GAP	1	RAP1GAP	
STMN2	1	STMN2	
INA	1	INA	
RABGAP1L	1	RABGAP1L	
MT-ND5	1	MT-ND5	
PIK3R3	1	PIK3R3	
MAP7D2	1	MAP7D2	
ACTL6B	1	ACTL6B	
BCAS1	1	BCAS1	
PTCH1	1	PTCH1	
STRIP1	1	STRIP1	
AMPD2	1	AMPD2	
SNHG14	1	SNHG14	
TMEM229B	1	TMEM229B	
PDE7A	1	PDE7A	
ST18	1	ST18	
DEPTOR	1	DEPTOR	
ARHGAP44	1	ARHGAP44	
RRAGB	1	RRAGB	
TMEM271	1	TMEM271	
CHAMP1	1	CHAMP1	
PRRT1	1	PRRT1	
NOVA2	1	NOVA2	
KRT222	1	KRT222	
TENM1	1	TENM1	
SOCS7	1	SOCS7	
SCG5	1	SCG5	
FNDC10	1	FNDC10	
LONRF2	1	LONRF2	
MLLT11	1	MLLT11	
MAGEE1	1	MAGEE1	
MCOLN1	1	MCOLN1	
PDGFRA	1	PDGFRA	
MT-CYB	1	MT-CYB	
LRRTM2	1	LRRTM2	
NSMCE2	1	NSMCE2	
VSTM2L	1	VSTM2L	
SH2B2	1	SH2B2	
ZNF277	1	ZNF277	
NAALAD2	1	NAALAD2	
SGSM1	1	SGSM1	
KCNK3	1	KCNK3	
L1CAM	1	L1CAM	
OLIG2	1	OLIG2	
GALNT17	1	GALNT17	
CLGN	1	CLGN	
JAK3	1	JAK3	
ADCYAP1	1	ADCYAP1	
MAP2K4	1	MAP2K4	
GABRG2	1	GABRG2	
FKBP1B	1	FKBP1B	
TSPAN17	1	TSPAN17	
B3GNT7	1	B3GNT7	
SSH1	1	SSH1	
SEMA4D	1	SEMA4D	
AKAP12	1	AKAP12	
MPND	1	MPND	
GPRASP2	1	GPRASP2	
GALNT9	1	GALNT9	
SPOCK3	1	SPOCK3	
KCNQ3	1	KCNQ3	
PDXP	1	PDXP	
PAIP2B	1	PAIP2B	
MYO5A	1	MYO5A	
SOX11	1	SOX11	
KIF3C	1	KIF3C	
SMIM10L2A	1	SMIM10L2A	
KANTR	1	KANTR	
CD83	1	CD83	
PPP2R5B	1	PPP2R5B	
SNAP25	1	SNAP25	
PRKACB	1	PRKACB	
FAT3	1	FAT3	
CDRT4	1	CDRT4	
TPD52	1	TPD52	
ZFP41	1	ZFP41	
CAMK2N2	1	CAMK2N2	
SCN3B	1	SCN3B	
SYNGR3	1	SYNGR3	
LRP1B	1	LRP1B	
BASP1	1	BASP1	
RAB6B	1	RAB6B	
BANP	1	BANP	
SNX10	1	SNX10	
POLR1B	1	POLR1B	
SEZ6L2	1	SEZ6L2	
CWF19L1	1	CWF19L1	
ARHGAP35	1	ARHGAP35	
KBTBD6	1	KBTBD6	
GRK3	1	GRK3	
ARHGEF7	1	ARHGEF7	
NOMO1	1	NOMO1	
FASTKD5	1	FASTKD5	
OPCML	1	OPCML	
TMEM120B	1	TMEM120B	
TMEM130	1	TMEM130	
ASIC2	1	ASIC2	
RNFT2	1	RNFT2	
TMEM151A	1	TMEM151A	
TSC22D3	1	TSC22D3	
SCN7A	1	SCN7A	
OMG	1	OMG	
ATP1B1	1	ATP1B1	
RFPL1S	1	RFPL1S	
LRRN3	1	LRRN3	
RBFOX2	1	RBFOX2	
TBPL1	1	TBPL1	
OPRL1	1	OPRL1	
CACNA1E	1	CACNA1E	
CLVS2	1	CLVS2	
BEX1	1	BEX1	
AMER2	1	AMER2	
OTP	1	OTP	
TSPYL1	1	TSPYL1	
TGS1	1	TGS1	
NPAT	1	NPAT	
SPTB	1	SPTB	
FOLH1	1	FOLH1	
TMEM35A	1	TMEM35A	
OPRM1	1	OPRM1	
JPT1	1	JPT1	
PXK	1	PXK	
ARRB1	1	ARRB1	
ENO2	1	ENO2	
GSKIP	1	GSKIP	
COL9A2	1	COL9A2	
TOE1	1	TOE1	
ITFG1	1	ITFG1	
SLC26A11	1	SLC26A11	
LPAR1	1	LPAR1	
NPTXR	1	NPTXR	
LMTK3	1	LMTK3	
SLIT2	1	SLIT2	
CCDC149	1	CCDC149	
MT-ND2	1	MT-ND2	
PCDH10	1	PCDH10	
ZNF142	1	ZNF142	
C8orf82	1	C8orf82	
SLITRK5	1	SLITRK5	
RAP1GDS1	1	RAP1GDS1	
ZNF662	1	ZNF662	
FBXL16	1	FBXL16	
MT-ATP6	1	MT-ATP6	
NALF1	1	FAM155A	
ZNF264	1	ZNF264	
PJA2	1	PJA2	
YWHAH	1	YWHAH	
ZFYVE9	1	ZFYVE9	
GOT1	1	GOT1	
MAG	1	MAG	
KIF3A	1	KIF3A	
NSG1	1	NSG1	
POM121C	1	POM121C	
ARID4B	1	ARID4B	
RANGAP1	1	RANGAP1	
FOXP4	1	FOXP4	
HCG18	1	HCG18	
GUCY1A2	1	GUCY1A2	
DNMT3A	1	DNMT3A	
CYLD	1	CYLD	
TUBA4A	1	TUBA4A	
SLC16A14	1	SLC16A14	
PNMA8C	1	PNMA8C	
ELP3	1	ELP3	
CRABP1	1	CRABP1	
ZC3H6	1	ZC3H6	
CBX7	1	CBX7	
INPP5A	1	INPP5A	
UGT8	1	UGT8	
TSC2	1	TSC2	
UBASH3B	1	UBASH3B	
SLC12A2	1	SLC12A2	
ZIC4	1	ZIC4	
ZNF365	1	ZNF365	
GLS	1	GLS	
SHISA9	1	SHISA9	
MT-ND4	1	MT-ND4	
PYGO2	1	PYGO2	
PHTF2	1	PHTF2	
HPRT1	1	HPRT1	
LRRTM3	1	LRRTM3	
EMC9	1	EMC9	
MBP	1	MBP	
ARL6	1	ARL6	
PDGFB	1	PDGFB	
APBA1	1	APBA1	
HSPA4L	1	HSPA4L	
TOX2	1	TOX2	
PCGF2	1	PCGF2	
CNTNAP4	1	CNTNAP4	
RANBP6	1	RANBP6	
ABHD6	1	ABHD6	
WDR47	1	WDR47	
EFNB3	1	EFNB3	
HS6ST3	1	HS6ST3	
ADCK1	1	ADCK1	
MANEAL	1	MANEAL	
DNAJC24	1	DNAJC24	
LMO3	1	LMO3	
PHYHIP	1	PHYHIP	
DMTN	1	DMTN	
PENK	1	PENK	
YJEFN3	1	YJEFN3	
ZNF638	1	ZNF638	
USE1	1	USE1	
SH3GL3	1	SH3GL3	
IQSEC2	1	IQSEC2	
JMJD1C	1	JMJD1C	
ANKRD42	1	ANKRD42	
FABP6	1	FABP6	
CNRIP1	1	CNRIP1	
NGB	1	NGB	
VAC14-AS1	1	VAC14-AS1	
PDRG1	1	PDRG1	
PLD3	1	PLD3	
DAPL1	1	DAPL1	
EEF1A2	1	EEF1A2	
ROGDI	1	ROGDI	
UBE2K	1	UBE2K	
SPOCK1	1	SPOCK1	
NPPC	1	NPPC	
DPYSL5	1	DPYSL5	
PGBD5	1	PGBD5	
ARID3B	1	ARID3B	
SLC25A32	1	SLC25A32	
ADGRA1	1	ADGRA1	
MRTFB	1	MRTFB	
NRP2	1	NRP2	
MIGA1	1	MIGA1	
PLCH2	1	PLCH2	
CBX4	1	CBX4	
ZC3H8	1	ZC3H8	
RFX7	1	RFX7	
ZNF331	1	ZNF331	
GABRB3	1	GABRB3	
SESN1	1	SESN1	
ZNF587	1	ZNF587	
RIT2	1	RIT2	
MFSD6	1	MFSD6	
TUBB2A	1	TUBB2A	
SNAP47	1	SNAP47	
NTS	1	NTS	
NOP14	1	NOP14	
ADCY1	1	ADCY1	
DYRK1B	1	DYRK1B	
TMEM63C	1	TMEM63C	
NAP1L3	1	NAP1L3	
GABRB2	1	GABRB2	
NEFL	1	NEFL	
ENTPD4	1	ENTPD4	
MED21	1	MED21	
CREBRF	1	CREBRF	
TCEAL5	1	TCEAL5	
SV2A	1	SV2A	
ADCY5	1	ADCY5	
N4BP2L1	1	N4BP2L1	
NMNAT2	1	NMNAT2	
AAK1	1	AAK1	
SLC9A7	1	SLC9A7	
TUT4	1	TUT4	
ATP1A3	1	ATP1A3	
LRP11	1	LRP11	
RFK	1	RFK	
MAP6D1	1	MAP6D1	
KLHL35	1	KLHL35	
IGIP	1	IGIP	
HSPH1	1	HSPH1	
ZC2HC1A	1	ZC2HC1A	
INTS6	1	INTS6	
FAM234B	1	FAM234B	
RYBP	1	RYBP	
CAMK2B	1	CAMK2B	
TSPAN13	1	TSPAN13	
CHIC1	1	CHIC1	
QDPR	1	QDPR	
RC3H1	1	RC3H1	
ADD2	1	ADD2	
ANLN	1	ANLN	
C12orf76	1	C12orf76	
ACOT7	1	ACOT7	
ZNF582	1	ZNF582	
ETV5	1	ETV5	
ZNF318	1	ZNF318	
CARNS1	1	CARNS1	
ADSS1	1	ADSSL1	
TAGLN3	1	TAGLN3	
KLHL18	1	KLHL18	
TRIQK	1	TRIQK	
KCNIP4	1	KCNIP4	
MAST3	1	MAST3	
MAP3K3	1	MAP3K3	
ARPP21	1	ARPP21	
MED19	1	MED19	
RIMS3	1	RIMS3	
TBC1D24	1	TBC1D24	
ASB13	1	ASB13	
BLCAP	1	BLCAP	
CDKL3	1	CDKL3	
SMAP2	1	SMAP2	
LINC00665	1	LINC00665	
THUMPD2	1	THUMPD2	
GABBR1	1	GABBR1	
TTLL1	1	TTLL1	
CSNK1G1	1	CSNK1G1	
AMOTL2	1	AMOTL2	
ENTPD6	1	ENTPD6	
GLI3	1	GLI3	
SLC16A8	1	SLC16A8	
NRARP	1	NRARP	
RUSC1	1	RUSC1	
INPP5F	1	INPP5F	
PUS1	1	PUS1	
NARS2	1	NARS2	
EXOC3	1	EXOC3	
MMP15	1	MMP15	
BEX4	1	BEX4	
THSD7A	1	THSD7A	
RNF214	1	RNF214	
PNMA6A	1	PNMA6A	
DGKG	1	DGKG	
CHST7	1	CHST7	
MOAP1	1	MOAP1	
GNG4	1	GNG4	
ZNG1E	1	CBWD5	
PNMA8A	1	PNMA8A	
GJB1	1	GJB1	
HSPA12A	1	HSPA12A	
GAL	1	GAL	
CCDC184	1	CCDC184	
G3BP2	1	G3BP2	
NCBP2AS2	1	NCBP2AS2	
GSPT2	1	GSPT2	
CUEDC1	1	CUEDC1	
MTCH1	1	MTCH1	
PLPP7	1	PLPP7	
LY6H	1	LY6H	
PHLDB1	1	PHLDB1	
PWWP3A	1	PWWP3A	
ZNF236	1	ZNF236	
GMPS	1	GMPS	
RILP	1	RILP	
PSEN1	1	PSEN1	
KIF5C	1	KIF5C	
TSPYL4	1	TSPYL4	
GATAD2B	1	GATAD2B	
IL34	1	IL34	
UNC80	1	UNC80	
PDIK1L	1	PDIK1L	
CDK14	1	CDK14	
SLC17A6	1	SLC17A6	
PDE7B	1	PDE7B	
SHTN1	1	SHTN1	
KCND3	1	KCND3	
HABP4	1	HABP4	
MPP2	1	MPP2	
SST	1	SST	
ERO1A	1	ERO1A	
DIRAS3	1	DIRAS3	
DNAJC12	1	DNAJC12	
PPP2R5A	1	PPP2R5A	
PPP2R2C	1	PPP2R2C	
TTC17	1	TTC17	
KLHDC10	1	KLHDC10	
DDX6	1	DDX6	
ATP6V1B2	1	ATP6V1B2	
PNMA2	1	PNMA2	
PAFAH1B2	1	PAFAH1B2	
SENP8	1	SENP8	
MT-ND3	1	MT-ND3	
STK35	1	STK35	
ANKRD36C	1	ANKRD36C	
CASTOR1	1	CASTOR1	
MRM1	1	MRM1	
SECISBP2L	1	SECISBP2L	
SYT4	1	SYT4	
RNF220	1	RNF220	
TGFA	1	TGFA	
NDUFAF5	1	NDUFAF5	
TOPBP1	1	TOPBP1	
CADPS	1	CADPS	
EPB41L1	1	EPB41L1	
HGH1	1	HGH1	
MACIR	1	C5orf30	
NOPCHAP1	1	C12orf45	
ATR	1	ATR	
BEND6	1	BEND6	
BEX2	1	BEX2	
PDPK1	1	PDPK1	
MADD	1	MADD	
BOD1L1	1	BOD1L1	
HPCAL1	1	HPCAL1	
DENND4B	1	DENND4B	
GABARAPL1	1	GABARAPL1	
C5orf64	1	C5orf64	
GAREM2	1	GAREM2	
ELAVL3	1	ELAVL3	
GXYLT1	1	GXYLT1	
SLC1A4	1	SLC1A4	
MBD5	1	MBD5	
CHADL	1	CHADL	
CHM	1	CHM	
MFSD4B	1	MFSD4B	
AASDHPPT	1	AASDHPPT	
FAM161B	1	FAM161B	
JCAD	1	JCAD	
AP3M2	1	AP3M2	
DYNLL2	1	DYNLL2	
C1QTNF4	1	C1QTNF4	
TSPYL2	1	TSPYL2	
CYRIA	1	FAM49A	
WIPF3	1	WIPF3	
CLASP2	1	CLASP2	
SCAMP1	1	SCAMP1	
MAT2B	1	MAT2B	
SEMA3E	1	SEMA3E	
TMEM185A	1	TMEM185A	
RALGPS1	1	RALGPS1	
RNF180	1	RNF180	
SCLT1	1	SCLT1	
TSTD1	1	TSTD1	
CAPRIN2	1	CAPRIN2	
TNKS	1	TNKS	
MAPK8IP2	1	MAPK8IP2	
NDN	1	NDN	
NEK3	1	NEK3	
RNPC3	1	RNPC3	
MPHOSPH9	1	MPHOSPH9	
CALM3	1	CALM3	
PBX3	1	PBX3	
LIN7A	1	LIN7A	
AJAP1	1	AJAP1	
ISCA1	1	ISCA1	
KIF5A	1	KIF5A	
STAU2	1	STAU2	
TMEM144	1	TMEM144	
MEGF10	1	MEGF10	
KAT6A	1	KAT6A	
SMG8	1	SMG8	
KLC1	1	KLC1	
LIG1	1	LIG1	
POU3F3	1	POU3F3	
UPRT	1	UPRT	
ZFP14	1	ZFP14	
MARK1	1	MARK1	
KLHL13	1	KLHL13	
EEF1E1	1	EEF1E1	
PPME1	1	PPME1	
ROBO2	1	ROBO2	
PPIP5K1	1	PPIP5K1	
BET1	1	BET1	
TAF13	1	TAF13	
MAPT	1	MAPT	
BTBD10	1	BTBD10	
C16orf87	1	C16orf87	
OLA1	1	OLA1	
CDC42BPB	1	CDC42BPB	
ATP2B2	1	ATP2B2	
DDHD2	1	DDHD2	
TNRC6B	1	TNRC6B	
LYRM9	1	LYRM9	
ZNF462	1	ZNF462	
ZNF569	1	ZNF569	
SLC45A4	1	SLC45A4	
CLCN4	1	CLCN4	
NSRP1	1	NSRP1	
WDR18	1	WDR18	
GAL3ST4	1	GAL3ST4	
PGAP3	1	PGAP3	
HDAC6	1	HDAC6	
EPM2AIP1	1	EPM2AIP1	
RNF19B	1	RNF19B	
FAM102B	1	FAM102B	
RBBP6	1	RBBP6	
SEMA4A	1	SEMA4A	
FBXO25	1	FBXO25	
PSD3	1	PSD3	
PPP3CB	1	PPP3CB	
TCAF1	1	TCAF1	
KIZ	1	KIZ	
RIOK1	1	RIOK1	
PNMA3	1	PNMA3	
GNPTAB	1	GNPTAB	
AGO4	1	AGO4	
HSDL1	1	HSDL1	
CCND1	1	CCND1	
KLHL42	1	KLHL42	
GPR176	1	GPR176	
PHF24	1	PHF24	
ANKRD12	1	ANKRD12	
ATP6V0A1	1	ATP6V0A1	
TIGAR	1	TIGAR	
CAMSAP2	1	CAMSAP2	
SHISA7	1	SHISA7	
BRCC3	1	BRCC3	
EVL	1	EVL	
TRA2A	1	TRA2A	
CAPN10	1	CAPN10	
ECSIT	1	ECSIT	
RB1CC1	1	RB1CC1	
PTPRJ	1	PTPRJ	
GABPB2	1	GABPB2	
SCOC	1	SCOC	
FBXO22	1	FBXO22	
CAPN3	1	CAPN3	
SLC25A14	1	SLC25A14	
STXBP1	1	STXBP1	
TMEM62	1	TMEM62	
IDS	1	IDS	
BSCL2	1	BSCL2	
LHFPL4	1	LHFPL4	
AGBL5	1	AGBL5	
ATP6AP1	1	ATP6AP1	
ACSL4	1	ACSL4	
ETNPPL	1	ETNPPL	
ARMC8	1	ARMC8	
MRPS5	1	MRPS5	
CNP	1	CNP	
RETREG1	1	RETREG1	
GIT1	1	GIT1	
PITPNB	1	PITPNB	
UBE2E2	1	UBE2E2	
PDE1C	1	PDE1C	
RAB3IP	1	RAB3IP	
DTNBP1	1	DTNBP1	
SETX	1	SETX	
ARID4A	1	ARID4A	
CCDC97	1	CCDC97	
SRPK2	1	SRPK2	
MAPK14	1	MAPK14	
C5orf63	1	C5orf63	
TMEM63A	1	TMEM63A	
TIMM8A	1	TIMM8A	
ACTR3B	1	ACTR3B	
DTX1	1	DTX1	
SLC35E2B	1	SLC35E2B	
SYNGAP1	1	SYNGAP1	
TMEM30A	1	TMEM30A	
WEE1	1	WEE1	
NR2F2	1	NR2F2	
ABHD14A	1	ABHD14A	
PIGF	1	PIGF	
HACD1	1	HACD1	
INF2	1	INF2	
SHPK	1	SHPK	
ERVK3-1	1	ERVK3-1	
PELI2	1	PELI2	
CTTNBP2	1	CTTNBP2	
ACOX3	1	ACOX3	
SPRYD3	1	SPRYD3	
AMACR	1	AMACR	
PAQR8	1	PAQR8	
NSD3	1	NSD3	
ZEB2	1	ZEB2	
TRAF6	1	TRAF6	
SLC2A13	1	SLC2A13	
PID1	1	PID1	
DUSP12	1	DUSP12	
NCKAP5	1	NCKAP5	
DNAJB14	1	DNAJB14	
UCHL1	1	UCHL1	
SMARCA2	1	SMARCA2	
PLP1	1	PLP1	
FRA10AC1	1	FRA10AC1	
RADX	1	RADX	
MRPL30	1	MRPL30	
BRD8	1	BRD8	
ZNF622	1	ZNF622	
GPR137C	1	GPR137C	
CCT8	1	CCT8	
EPHB2	1	EPHB2	
MGME1	1	MGME1	
TNFRSF21	1	TNFRSF21	
ZMAT2	1	ZMAT2	
NANS	1	NANS	
POMGNT2	1	POMGNT2	
THOC3	1	THOC3	
PAAF1	1	PAAF1	
KDM5B	1	KDM5B	
MSH2	1	MSH2	
EVI2A	1	EVI2A	
MRE11	1	MRE11	
FAM43B	1	FAM43B	
KLHDC8B	1	KLHDC8B	
CYFIP2	1	CYFIP2	
ENGASE	1	ENGASE	
CDC40	1	CDC40	
TPPP	1	TPPP	
PITHD1	1	PITHD1	
APAF1	1	APAF1	
PPP1R14A	1	PPP1R14A	
ARHGAP23	1	ARHGAP23	
USP15	1	USP15	
ECPAS	1	ECPAS	
ATP5IF1	1	ATP5IF1	
DICER1	1	DICER1	
STRADA	1	STRADA	
SLC22A17	1	SLC22A17	
CDC16	1	CDC16	
FIP1L1	1	FIP1L1	
TYSND1	1	TYSND1	
KAT6B	1	KAT6B	
FIG4	1	FIG4	
ZNF710-AS1	1	ZNF710-AS1	
TOMM70	1	TOMM70	
GNG3	1	GNG3	
LINGO1	1	LINGO1	
ASCC3	1	ASCC3	
TRAF2	1	TRAF2	
SLC25A27	1	SLC25A27	
FTSJ3	1	FTSJ3	
PABIR2	1	FAM122B	
STEEP1	1	CXorf56	
RNF166	1	RNF166	
MCM3AP	1	MCM3AP	
NTAQ1	1	WDYHV1	
NGEF	1	NGEF	
PIGS	1	PIGS	
PFDN2	1	PFDN2	
KPNA6	1	KPNA6	
SEPTIN3	1	SEPTIN3	
MTMR6	1	MTMR6	
CHGA	1	CHGA	
CCDC92	1	CCDC92	
KIRREL3	1	KIRREL3	
ZMAT3	1	ZMAT3	
UBE2M	1	UBE2M	
ARHGEF9	1	ARHGEF9	
PIH1D1	1	PIH1D1	
MPV17L	1	MPV17L	
DOCK1	1	DOCK1	
NPNT	1	NPNT	
VAT1L	1	VAT1L	
PCSK1N	1	PCSK1N	
TMOD2	1	TMOD2	
TUBD1	1	TUBD1	
JARID2	1	JARID2	
NDUFA5	1	NDUFA5	
PSMC3	1	PSMC3	
ABCB6	1	ABCB6	
ERC1	1	ERC1	
SPINT2	1	SPINT2	
SEC23A	1	SEC23A	
ZNF302	1	ZNF302	
RASGRF1	1	RASGRF1	
METTL25	1	METTL25	
YWHAB	1	YWHAB	
MSL1	1	MSL1	
CCDC174	1	CCDC174	
CYTH1	1	CYTH1	
AP1S2	1	AP1S2	
ATP1A1	1	ATP1A1	
RTN4	1	RTN4	
MFSD11	1	MFSD11	
GRIK1	1	GRIK1	
ARMC5	1	ARMC5	
RELCH	1	RELCH	
CLTA	1	CLTA	
TCEAL2	1	TCEAL2	
RASA1	1	RASA1	
USP5	1	USP5	
GALNT16	1	GALNT16	
TMEM177	1	TMEM177	
MRPL42	1	MRPL42	
CBX6	1	CBX6	
ASB1	1	ASB1	
ZNF461	1	ZNF461	
CLN3	1	CLN3	
GRIK2	1	GRIK2	
MACO1	1	MACO1	
RNASE1	1	RNASE1	
APPL1	1	APPL1	
ATP6V1D	1	ATP6V1D	
LINC00461	1	LINC00461	
SELENOH	1	SELENOH	
ZNF800	1	ZNF800	
TUBA1B	1	TUBA1B	
GOLGB1	1	GOLGB1	
ADAM22	1	ADAM22	
LYST	1	LYST	
PHACTR3	1	PHACTR3	
PPA1	1	PPA1	
NYNRIN	1	NYNRIN	
ADORA1	1	ADORA1	
POLR3C	1	POLR3C	
SLC5A3	1	SLC5A3	
NICN1	1	NICN1	
HIVEP2	1	HIVEP2	
MYPOP	1	MYPOP	
CMAS	1	CMAS	
OLFM2	1	OLFM2	
MON2	1	MON2	
MRPL47	1	MRPL47	
ANKRD13B	1	ANKRD13B	
CERK	1	CERK	
MLLT10	1	MLLT10	
ZBTB40	1	ZBTB40	
NCKIPSD	1	NCKIPSD	
TRAPPC11	1	TRAPPC11	
SEPTIN4	1	SEPTIN4	
MAP2K1	1	MAP2K1	
TTLL7	1	TTLL7	
CISD1	1	CISD1	
SPNS2	1	SPNS2	
RBM6	1	RBM6	
DCAF4	1	DCAF4	
MAFG	1	MAFG	
TMEM42	1	TMEM42	
LIN7B	1	LIN7B	
CFDP1	1	CFDP1	
CADM1	1	CADM1	
MAP7D1	1	MAP7D1	
UBR2	1	UBR2	
MRPL34	1	MRPL34	
ANGEL2	1	ANGEL2	
RMND5B	1	RMND5B	
LRRC8C	1	LRRC8C	
SPATA7	1	SPATA7	
RPP25	1	RPP25	
RUFY3	1	RUFY3	
RMND5A	1	RMND5A	
SYNGR1	1	SYNGR1	
PMEPA1	1	PMEPA1	
NRG3	1	NRG3	
PURA	1	PURA	
SNRPN	1	SNRPN	
NAA16	1	NAA16	
NPFFR1	1	NPFFR1	
EFCAB7	1	EFCAB7	
TUBB4A	1	TUBB4A	
BMERB1	1	BMERB1	
RNASEH2C	1	RNASEH2C	
WDR31	1	WDR31	
FLVCR1	1	FLVCR1	
CACNA1C	1	CACNA1C	
DENND2A	1	DENND2A	
SLK	1	SLK	
GPATCH8	1	GPATCH8	
TP53I3	1	TP53I3	
PGRMC1	1	PGRMC1	
TRAP1	1	TRAP1	
HAP1	1	HAP1	
BTBD3	1	BTBD3	
PI4KA	1	PI4KA	
ASMTL	1	ASMTL	
PSMD1	1	PSMD1	
NIPAL3	1	NIPAL3	
PAK1	1	PAK1	
BHLHE41	1	BHLHE41	
OGA	1	OGA	
KCTD21	1	KCTD21	
SLC39A9	1	SLC39A9	
SERINC3	1	SERINC3	
USP14	1	USP14	
KNDC1	1	KNDC1	
EIF5B	1	EIF5B	
SOX2-OT	1	SOX2-OT	
PPP2R2B	1	PPP2R2B	
HERC3	1	HERC3	
LIMK1	1	LIMK1	
PKIB	1	PKIB	
PTPRN	1	PTPRN	
PPIL3	1	PPIL3	
CCDC22	1	CCDC22	
COQ10A	1	COQ10A	
BAZ2B	1	BAZ2B	
N4BP1	1	N4BP1	
NRIP3	1	NRIP3	
PISD	1	PISD	
CD200	1	CD200	
RGMB	1	RGMB	
CA11	1	CA11	
SH3GL2	1	SH3GL2	
FBXO28	1	FBXO28	
ZNF627	1	ZNF627	
TF	1	TF	
HEATR5B	1	HEATR5B	
FAM13A	1	FAM13A	
CLIP3	1	CLIP3	
B4GALT5	1	B4GALT5	
TMTC1	1	TMTC1	
DBT	1	DBT	
SMG6	1	SMG6	
MAGI3	1	MAGI3	
TOMM20	1	TOMM20	
TMEM14A	1	TMEM14A	
NSD1	1	NSD1	
EHD3	1	EHD3	
HOPX	1	HOPX	
SLC35B4	1	SLC35B4	
METTL6	1	METTL6	
DIAPH2	1	DIAPH2	
NEIL2	1	NEIL2	
ZNF84	1	ZNF84	
ZNHIT6	1	ZNHIT6	
COBL	1	COBL	
MEN1	1	MEN1	
AHSA1	1	AHSA1	
PJA1	1	PJA1	
TAF5L	1	TAF5L	
ABHD13	1	ABHD13	
FAM171A1	1	FAM171A1	
FREM1	1	FREM1	
TADA3	1	TADA3	
KLHL3	1	KLHL3	
DLGAP2	1	DLGAP2	
RNF138	1	RNF138	
OPA1	1	OPA1	
TCEAL7	1	TCEAL7	
FXR2	1	FXR2	
KIF1B	1	KIF1B	
IGDCC4	1	IGDCC4	
ZNF394	1	ZNF394	
DCAF15	1	DCAF15	
SETD9	1	SETD9	
MYO9A	1	MYO9A	
KLK6	1	KLK6	
MAP1B	1	MAP1B	
PDPR	1	PDPR	
HES4	1	HES4	
ARID5B	1	ARID5B	
LTC4S	1	LTC4S	
F8A1	1	F8A1	
B4GAT1	1	B4GAT1	
PRPF39	1	PRPF39	
CRAMP1	1	CRAMP1	
XIAP	1	XIAP	
GRK2	1	GRK2	
AMY2B	1	AMY2B	
EFR3B	1	EFR3B	
SNX6	1	SNX6	
PARVB	1	PARVB	
MACROH2A2	1	H2AFY2	
ZNF804A	1	ZNF804A	
PBX1	1	PBX1	
TGIF2	1	TGIF2	
SPEN	1	SPEN	
IRAK2	1	IRAK2	
NDUFS5	1	NDUFS5	
LUC7L3	1	LUC7L3	
ACHE	1	ACHE	
CTR9	1	CTR9	
SERINC1	1	SERINC1	
EGLN2	1	EGLN2	
RTN1	1	RTN1	
ADAMTS10	1	ADAMTS10	
MBOAT7	1	MBOAT7	
LARP6	1	LARP6	
PDK2	1	PDK2	
OBSCN	1	OBSCN	
ATXN7L3B	1	ATXN7L3B	
TBC1D12	1	TBC1D12	
GPR162	1	GPR162	
SFXN5	1	SFXN5	
API5	1	API5	
RARS2	1	RARS2	
ALKBH3	1	ALKBH3	
TERF2IP	1	TERF2IP	
SPTBN2	1	SPTBN2	
GNAS	1	GNAS	
PDK4	1	PDK4	
UFD1	1	UFD1	
ZHX3	1	ZHX3	
R3HDM4	1	R3HDM4	
ATG4B	1	ATG4B	
TP53INP2	1	TP53INP2	
GPM6A	1	GPM6A	
NRG1	1	NRG1	
NCAM1	1	NCAM1	
MLF2	1	MLF2	
PABIR1	1	FAM122A	
FAM131C	1	FAM131C	
UBAP2	1	UBAP2	
NSA2	1	NSA2	
LINC01128	1	LINC01128	
OGT	1	OGT	
JAM3	1	JAM3	
ITGB1BP1	1	ITGB1BP1	
OTUD5	1	OTUD5	
CNTNAP2	1	CNTNAP2	
MTOR	1	MTOR	
COX5A	1	COX5A	
NUDT2	1	NUDT2	
MSH6	1	MSH6	
BCAS2	1	BCAS2	
ETNK1	1	ETNK1	
SNX27	1	SNX27	
AKR1C2	1	AKR1C2	
AP2S1	1	AP2S1	
NTPCR	1	NTPCR	
TIMM13	1	TIMM13	
LANCL1	1	LANCL1	
KIF1A	1	KIF1A	
UTP3	1	UTP3	
MSANTD3	1	MSANTD3	
GRPEL1	1	GRPEL1	
LUZP2	1	LUZP2	
YPEL3	1	YPEL3	
MYRF	1	MYRF	
BDP1	1	BDP1	
SNHG21	1	SNHG21	
CORO1A	1	CORO1A	
DTWD1	1	DTWD1	
GGA1	1	GGA1	
MPHOSPH6	1	MPHOSPH6	
ARL8B	1	ARL8B	
LRP8	1	LRP8	
C12orf57	1	C12orf57	
TRDMT1	1	TRDMT1	
HDAC5	1	HDAC5	
MTARC1	1	MARC1	
CA2	1	CA2	
DMAC2L	1	DMAC2L	
CAMTA2	1	CAMTA2	
ATP6V1C1	1	ATP6V1C1	
PAFAH1B1	1	PAFAH1B1	
CREBL2	1	CREBL2	
NCOA2	1	NCOA2	
KCTD10	1	KCTD10	
DCUN1D4	1	DCUN1D4	
OIP5-AS1	1	OIP5-AS1	
DGUOK	1	DGUOK	
ZMYM4	1	ZMYM4	
ADGRE5	1	ADGRE5	
TAF15	1	TAF15	
SNHG11	1	SNHG11	
MRNIP	1	MRNIP	
RETREG2	1	RETREG2	
H2AC25	1	HIST3H2A	
SLC25A28	1	SLC25A28	
BLTP3B	1	UHRF1BP1L	
TCEAL6	1	TCEAL6	
FOXO3	1	FOXO3	
SLC30A9	1	SLC30A9	
SLC4A1AP	1	SLC4A1AP	
PTP4A2	1	PTP4A2	
RASGEF1B	1	RASGEF1B	
KIF21A	1	KIF21A	
VXN	1	VXN	
C4orf48	1	C4orf48	
LYSMD3	1	LYSMD3	
KLHL12	1	KLHL12	
PIN4	1	PIN4	
PRMT7	1	PRMT7	
SLC35B3	1	SLC35B3	
UNC5D	1	UNC5D	
KCNC2	1	KCNC2	
EPG5	1	EPG5	
FUT9	1	FUT9	
SLC9A6	1	SLC9A6	
ZNF428	1	ZNF428	
MTURN	1	MTURN	
RND3	1	RND3	
ISCU	1	ISCU	
CHD3	1	CHD3	
OTUD1	1	OTUD1	
SECISBP2	1	SECISBP2	
EIF4A2	1	EIF4A2	
SYNJ2	1	SYNJ2	
TCF25	1	TCF25	
NRBP1	1	NRBP1	
KAT5	1	KAT5	
CHID1	1	CHID1	
CACNG7	1	CACNG7	
PPA2	1	PPA2	
CYTH3	1	CYTH3	
XYLT1	1	XYLT1	
TMUB2	1	TMUB2	
ZNF667-AS1	1	ZNF667-AS1	
MTF2	1	MTF2	
TMEM183A	1	TMEM183A	
MAGEH1	1	MAGEH1	
SUCLA2	1	SUCLA2	
YLPM1	1	YLPM1	
FBRS	1	FBRS	
POGK	1	POGK	
SMS	1	SMS	
ATP2C1	1	ATP2C1	
TNRC6A	1	TNRC6A	
TUSC3	1	TUSC3	
PGK1	1	PGK1	
TECR	1	TECR	
SMIM10L1	1	SMIM10L1	
OSBPL1A	1	OSBPL1A	
CSPG4	1	CSPG4	
ZBTB7A	1	ZBTB7A	
IRX3	1	IRX3	
THOC2	1	THOC2	
HSP90AB1	1	HSP90AB1	
SOX6	1	SOX6	
MBD6	1	MBD6	
SH3GLB2	1	SH3GLB2	
BLOC1S6	1	BLOC1S6	
MYT1	1	MYT1	
HMGB3	1	HMGB3	
ZNF536	1	ZNF536	
FAM241B	1	FAM241B	
GOLGA3	1	GOLGA3	
ATP6V1E1	1	ATP6V1E1	
YJU2B	1	CCDC130	
NCBP3	1	NCBP3	
PLCXD3	1	PLCXD3	
FBXO6	1	FBXO6	
LACC1	1	LACC1	
OCRL	1	OCRL	
PHF20L1	1	PHF20L1	
FKBP15	1	FKBP15	
LPCAT1	1	LPCAT1	
RABEP1	1	RABEP1	
CHMP5	1	CHMP5	
SGCD	1	SGCD	
UGCG	1	UGCG	
BAZ1B	1	BAZ1B	
ZBTB33	1	ZBTB33	
ZNF506	1	ZNF506	
CHD8	1	CHD8	
CTXN1	1	CTXN1	
NPTN	1	NPTN	
ATP5ME	1	ATP5ME	
DPH5	1	DPH5	
NLGN3	1	NLGN3	
HNRNPUL2	1	HNRNPUL2	
ZBTB17	1	ZBTB17	
B3GALNT2	1	B3GALNT2	
CIT	1	CIT	
DEPDC5	1	DEPDC5	
FAM13C	1	FAM13C	
GTF3C1	1	GTF3C1	
ZNF766	1	ZNF766	
FKBP9	1	FKBP9	
ASRGL1	1	ASRGL1	
BCL11A	1	BCL11A	
SSBP3	1	SSBP3	
MICOS10	1	MICOS10	
VPS45	1	VPS45	
SHOC2	1	SHOC2	
HINT1	1	HINT1	
BDNF-AS	1	BDNF-AS	
RERE	1	RERE	
UBE2E3	1	UBE2E3	
TPMT	1	TPMT	
MDM4	1	MDM4	
ETFB	1	ETFB	
ZC3H15	1	ZC3H15	
ATP6V1E2	1	ATP6V1E2	
DPP6	1	DPP6	
PICALM	1	PICALM	
SURF6	1	SURF6	
GSTM3	1	GSTM3	
HECTD4	1	HECTD4	
PPM1K	1	PPM1K	
MAP2K2	1	MAP2K2	
PTS	1	PTS	
EDNRB	1	EDNRB	
NDUFA10	1	NDUFA10	
SKIC3	1	TTC37	
GMNN	1	GMNN	
ANKRD11	1	ANKRD11	
TMX3	1	TMX3	
DEXI	1	DEXI	
RPS26	1	RPS26	
CRHBP	1	CRHBP	
HIPK2	1	HIPK2	
LINC00641	1	LINC00641	
MEF2D	1	MEF2D	
CMPK1	1	CMPK1	
S100A1	1	S100A1	
IPO7	1	IPO7	
MTMR4	1	MTMR4	
VAT1	1	VAT1	
EHBP1	1	EHBP1	
MTERF2	1	MTERF2	
JMJD6	1	JMJD6	
PIGP	1	PIGP	
ATP6V0C	1	ATP6V0C	
SNX11	1	SNX11	
EPB41L3	1	EPB41L3	
WDR25	1	WDR25	
TTC12	1	TTC12	
CELF1	1	CELF1	
RTRAF	1	RTRAF	
DNAJC7	1	DNAJC7	
ARRDC2	1	ARRDC2	
BPNT2	1	IMPAD1	
GVQW3	1	GVQW3	
ADAL	1	ADAL	
IGSF3	1	IGSF3	
GFRA2	1	GFRA2	
SNF8	1	SNF8	
SKIL	1	SKIL	
TUB	1	TUB	
RALGAPA1	1	RALGAPA1	
CDKN1B	1	CDKN1B	
LINC00839	1	LINC00839	
XBP1	1	XBP1	
PWWP2A	1	PWWP2A	
MAN1B1-DT	1	MAN1B1-DT	
BRD9	1	BRD9	
SUGP2	1	SUGP2	
VPS4A	1	VPS4A	
FIS1	1	FIS1	
VASH1	1	VASH1	
MBNL2	1	MBNL2	
LRRN2	1	LRRN2	
TUBB3	1	TUBB3	
CTXND1	1	CTXND1	
WDFY2	1	WDFY2	
PHF1	1	PHF1	
EIF5A	1	EIF5A	
DOLK	1	DOLK	
CAMLG	1	CAMLG	
NBPF1	1	NBPF1	
RBMS3	1	RBMS3	
DMAC1	1	DMAC1	
TSTD3	1	TSTD3	
NDUFB2	1	NDUFB2	
PIK3R1	1	PIK3R1	
ACSL3	1	ACSL3	
DCTN3	1	DCTN3	
ZNF10	1	ZNF10	
ZNF135	1	ZNF135	
TSPAN12	1	TSPAN12	
GAB1	1	GAB1	
CAMTA1	1	CAMTA1	
CIZ1	1	CIZ1	
TFDP2	1	TFDP2	
GCC2	1	GCC2	
GMFB	1	GMFB	
PHACTR4	1	PHACTR4	
FAM98A	1	FAM98A	
MAPK6	1	MAPK6	
DBNDD2	1	DBNDD2	
MED7	1	MED7	
TTI1	1	TTI1	
GPS1	1	GPS1	
TRAPPC2L	1	TRAPPC2L	
MAP1LC3A	1	MAP1LC3A	
NKAIN3	1	NKAIN3-IT1	
SPRED1	1	SPRED1	
PQBP1	1	PQBP1	
POLR3H	1	POLR3H	
ULK3	1	ULK3	
RAB4A	1	RAB4A	
RTL6	1	RTL6	
NDUFB6	1	NDUFB6	
TPM3	1	TPM3	
IGFBP3	1	IGFBP3	
PLPPR2	1	PLPPR2	
HSP90AA1	1	HSP90AA1	
KARS1	1	KARS	
PSMB10	1	PSMB10	
DAAM1	1	DAAM1	
SALL2	1	SALL2	
ARRDC1-AS1	1	ARRDC1-AS1	
POU2F1	1	POU2F1	
IST1	1	IST1	
ZC3H4	1	ZC3H4	
GMEB1	1	GMEB1	
DNAJC18	1	DNAJC18	
NFIL3	1	NFIL3	
ASPA	1	ASPA	
USP22	1	USP22	
ATP5MJ	1	ATP5MPL	
CLTC	1	CLTC	
ATG4D	1	ATG4D	
LIMCH1	1	LIMCH1	
KCNT2	1	KCNT2	
ERCC5	1	ERCC5	
ATOX1	1	ATOX1	
CLDND1	1	CLDND1	
SMARCA1	1	SMARCA1	
SIAE	1	SIAE	
BCL3	1	BCL3	
NAT8L	1	NAT8L	
SRP14-DT	1	SRP14-AS1	
NOL6	1	NOL6	
RPAP2	1	RPAP2	
STOML1	1	STOML1	
ABCB1	1	ABCB1	
TIMP2	1	TIMP2	
PANK3	1	PANK3	
ZNF771	1	ZNF771	
CIR1	1	CIR1	
HTT	1	HTT	
MBNL1	1	MBNL1	
GNPAT	1	GNPAT	
TM6SF1	1	TM6SF1	
COX7A2L	1	COX7A2L	
CEP104	1	CEP104	
COX18	1	COX18	
CAMK2D	1	CAMK2D	
BCAR1	1	BCAR1	
PLXNC1	1	PLXNC1	
SSX2IP	1	SSX2IP	
EPN1	1	EPN1	
CLDN11	1	CLDN11	
ESYT2	1	ESYT2	
ZSCAN26	1	ZSCAN26	
NDUFS8	1	NDUFS8	
FAM168B	1	FAM168B	
HBS1L	1	HBS1L	
GPBP1	1	GPBP1	
H2AZ1	1	H2AFZ	
UBE2W	1	UBE2W	
CLN5	1	CLN5	
STK32A	1	STK32A	
UBE2S	1	UBE2S	
HDAC1	1	HDAC1	
FBXO21	1	FBXO21	
MGAT4A	1	MGAT4A	
ARFGEF3	1	ARFGEF3	
RTN2	1	RTN2	
NCOA5	1	NCOA5	
RERGL	1	RERGL	
CCDC117	1	CCDC117	
ABI2	1	ABI2	
MRPS9	1	MRPS9	
LDHA	1	LDHA	
KLHL8	1	KLHL8	
UBE2N	1	UBE2N	
ASTN1	1	ASTN1	
GALNT13	1	GALNT13	
NDFIP1	1	NDFIP1	
SEC62	1	SEC62	
DPF2	1	DPF2	
TUBB	1	TUBB	
MOB3C	1	MOB3C	
BAIAP3	1	BAIAP3	
KMT2E	1	KMT2E	
PIK3C3	1	PIK3C3	
DHCR24	1	DHCR24	
ATP5PF	1	ATP5PF	
ELOVL6	1	ELOVL6	
MFAP1	1	MFAP1	
MRPS23	1	MRPS23	
CERCAM	1	CERCAM	
TTC3	1	TTC3	
PFKP	1	PFKP	
CNST	1	CNST	
COG7	1	COG7	
ZNF44	1	ZNF44	
USP19	1	USP19	
RNF41	1	RNF41	
EIF3H	1	EIF3H	
DNAJA4	1	DNAJA4	
GAS5	1	GAS5	
NDUFV2	1	NDUFV2	
SARAF	1	SARAF	
PRDM8	1	PRDM8	
ZFAND2A	1	ZFAND2A	
MAP1A	1	MAP1A	
CFAP20	1	CFAP20	
OTULINL	1	OTULINL	
H1-10	1	H1FX	
ZSCAN18	1	ZSCAN18	
TBCB	1	TBCB	
MGMT	1	MGMT	
REEP2	1	REEP2	
DHDDS	1	DHDDS	
TRIM33	1	TRIM33	
MYO10	1	MYO10	
DMTF1	1	DMTF1	
ACTR2	1	ACTR2	
ACYP1	1	ACYP1	
WDR82	1	WDR82	
SPTBN1	1	SPTBN1	
ZNF574	1	ZNF574	
PPP1R2	1	PPP1R2	
SHLD2	1	SHLD2	
AUTS2	1	AUTS2	
TUG1	1	TUG1	
UCKL1	1	UCKL1	
CENPV	1	CENPV	
GDI1	1	GDI1	
UBE2Q2	1	UBE2Q2	
TRAPPC13	1	TRAPPC13	
LINC00847	1	LINC00847	
PHF10	1	PHF10	
PTPRN2	1	PTPRN2	
TMEM106B	1	TMEM106B	
MIR99AHG	1	MIR99AHG	
ARPC5L	1	ARPC5L	
BCKDHA	1	BCKDHA	
TATDN3	1	TATDN3	
DIAPH3	1	DIAPH3	
DGCR2	1	DGCR2	
NORAD	1	NORAD	
RHOG	1	RHOG	
PIP4K2A	1	PIP4K2A	
ZNF772	1	ZNF772	
RBM34	1	RBM34	
OXCT1	1	OXCT1	
ALKBH6	1	ALKBH6	
RGS4	1	RGS4	
TNFRSF1B	1	TNFRSF1B	
RNF111	1	RNF111	
NUFIP2	1	NUFIP2	
MZF1	1	MZF1	
TTLL5	1	TTLL5	
ZNF775	1	ZNF775	
NDUFS4	1	NDUFS4	
PITPNA	1	PITPNA	
TGOLN2	1	TGOLN2	
NFIB	1	NFIB	
TGFB3	1	TGFB3	
EIF3L	1	EIF3L	
SEPTIN7	1	SEPTIN7	
ENHO	1	ENHO	
TAF12	1	TAF12	
IPO13	1	IPO13	
EIF3J	1	EIF3J	
CHP1	1	CHP1	
REV3L	1	REV3L	
IFNAR1	1	IFNAR1	
PHC1	1	PHC1	
CHST1	1	CHST1	
CDC37	1	CDC37	
HTR2A	1	HTR2A	
ATP5PO	1	ATP5PO	
UGP2	1	UGP2	
ELP5	1	ELP5	
NDUFAB1	1	NDUFAB1	
PGM1	1	PGM1	
RASSF8	1	RASSF8	
CHMP3	1	CHMP3	
NRCAM	1	NRCAM	
SIMC1	1	SIMC1	
KCTD12	1	KCTD12	
ODF2	1	ODF2	
ADAMTSL3	1	ADAMTSL3	
ALG5	1	ALG5	
MAP9	1	MAP9	
HIP1R	1	HIP1R	
ELOB	1	ELOB	
FAM219A	1	FAM219A	
NT5DC3	1	NT5DC3	
PSMD12	1	PSMD12	
EPS8L2	1	EPS8L2	
NDUFB1	1	NDUFB1	
LSM14B	1	LSM14B	
CX3CR1	1	CX3CR1	
CARF	1	CARF	
TRPC1	1	TRPC1	
ATP5MK	1	ATP5MD	
THRAP3	1	THRAP3	
MAP7	1	MAP7	
ALPK3	1	ALPK3	
SARS1	1	SARS	
SPRED2	1	SPRED2	
COX7A2	1	COX7A2	
NCL	1	NCL	
CYTOR	1	CYTOR	
FAM47E	1	FAM47E	
TMEM160	1	TMEM160	
FGFR3	1	FGFR3	
ZC3H13	1	ZC3H13	
FAXDC2	1	FAXDC2	
MARCHF2	1	MARCH2	
AGL	1	AGL	
CX3CL1	1	CX3CL1	
POLR2F	1	POLR2F	
PRRC2C	1	PRRC2C	
PRPF31	1	PRPF31	
TRIM2	1	TRIM2	
TBC1D17	1	TBC1D17	
CARM1	1	CARM1	
FBXL9P	1	LRRC29	
CSE1L	1	CSE1L	
TWF2	1	TWF2	
COX4I1	1	COX4I1	
PPP5C	1	PPP5C	
NT5C3B	1	NT5C3B	
TDG	1	TDG	
PLXNA3	1	PLXNA3	
BRMS1L	1	BRMS1L	
TMEM229A	1	TMEM229A	
TTC7A	1	TTC7A	
CIPC	1	CIPC	
RFTN2	1	RFTN2	
BOLA2	1	BOLA2	
NDUFB11	1	NDUFB11	
CALM1	1	CALM1	
PLK3	1	PLK3	
KRR1	1	KRR1	
ERCC3	1	ERCC3	
CCT5	1	CCT5	
GREB1	1	GREB1	
ZCCHC24	1	ZCCHC24	
RFTN1	1	RFTN1	
CDK12	1	CDK12	
UBE2R2	1	UBE2R2	
GSTA4	1	GSTA4	
PRMT2	1	PRMT2	
DYNC1LI2	1	DYNC1LI2	
CDC123	1	CDC123	
MTUS1	1	MTUS1	
ARF3	1	ARF3	
GRIA1	1	GRIA1	
RPSA	1	RPSA	
PPP3CA	1	PPP3CA	
SETDB2	1	SETDB2	
DUT	1	DUT	
KLHDC2	1	KLHDC2	
RTF1	1	RTF1	
REXO1	1	REXO1	
TNRC18	1	TNRC18	
SORT1	1	SORT1	
PLCB1	1	PLCB1	
CDS1	1	CDS1	
DOCK4	1	DOCK4	
THEM4	1	THEM4	
JADE1	1	JADE1	
GPI	1	GPI	
ANKRD27	1	ANKRD27	
REX1BD	1	REX1BD	
PHYHIPL	1	PHYHIPL	
DYNLL1	1	DYNLL1	
PTN	1	PTN	
DIPK1C	1	DIPK1C	
SRGAP3	1	SRGAP3	
CLOCK	1	CLOCK	
ZNF282	1	ZNF282	
TBC1D9B	1	TBC1D9B	
TOPORS	1	TOPORS	
SEPTIN8	1	SEPTIN8	
ZNF704	1	ZNF704	
BICDL1	1	BICDL1	
SPP1	1	SPP1	
TRAK2	1	TRAK2	
SFPQ	1	SFPQ	
EIF3K	1	EIF3K	
PRRG1	1	PRRG1	
SLC25A15	1	SLC25A15	
AP1S1	1	AP1S1	
PRKAR2A	1	PRKAR2A	
NINL	1	NINL	
TSPAN7	1	TSPAN7	
OBSL1	1	OBSL1	
MAPRE2	1	MAPRE2	
NOTCH3	1	NOTCH3	
PLEKHM2	1	PLEKHM2	
PSMD2	1	PSMD2	
DDRGK1	1	DDRGK1	
VCPIP1	1	VCPIP1	
TIMMDC1	1	TIMMDC1	
PANX2	1	PANX2	
COPG1	1	COPG1	
RYR3	1	RYR3	
ALG12	1	ALG12	
RNH1	1	RNH1	
ARPP19	1	ARPP19	
GPATCH11	1	GPATCH11	
PRSS23	1	PRSS23	
MYL6B	1	MYL6B	
RND2	1	RND2	
SUPT6H	1	SUPT6H	
NGRN	1	NGRN	
RASSF2	1	RASSF2	
PARP8	1	PARP8	
PTGES3	1	PTGES3	
GATAD2A	1	GATAD2A	
MED14	1	MED14	
CCDC106	1	CCDC106	
SESN3	1	SESN3	
SPON1	1	SPON1	
KIFAP3	1	KIFAP3	
CCT6A	1	CCT6A	
TAOK1	1	TAOK1	
MED10	1	MED10	
FLT1	1	FLT1	
PPP1R15A	1	PPP1R15A	
AAMP	1	AAMP	
UBE2B	1	UBE2B	
GPR37L1	1	GPR37L1	
PDK1	1	PDK1	
TPD52L1	1	TPD52L1	
CD55	1	CD55	
RNF8	1	RNF8	
TRAF3	1	TRAF3	
ZZEF1	1	ZZEF1	
ATP9A	1	ATP9A	
GARS1	1	GARS	
USP9X	1	USP9X	
PRRC2A	1	PRRC2A	
PIGBOS1	1	PIGBOS1	
DENND4A	1	DENND4A	
SLC25A6	1	SLC25A6	
SLC6A1	1	SLC6A1	
NUDT9	1	NUDT9	
ARL6IP1	1	ARL6IP1	
MTF1	1	MTF1	
LGALSL	1	LGALSL	
HEY2	1	HEY2	
MAPKAPK5-AS1	1	MAPKAPK5-AS1	
SLC41A3	1	SLC41A3	
ADGRL4	1	ADGRL4	
SLC2A3	1	SLC2A3	
ERLEC1	1	ERLEC1	
AK9	1	AK9	
CYCS	1	CYCS	
NPDC1	1	NPDC1	
CMTM5	1	CMTM5	
SRGAP2	1	SRGAP2	
RCC1L	1	RCC1L	
IER5	1	IER5	
PSMB4	1	PSMB4	
RTN3	1	RTN3	
GGNBP2	1	GGNBP2	
MEA1	1	MEA1	
EEF1B2	1	EEF1B2	
DNAJB4	1	DNAJB4	
THOC7	1	THOC7	
CCAR1	1	CCAR1	
CCT2	1	CCT2	
CALN1	1	CALN1	
TRIM23	1	TRIM23	
TRIM37	1	TRIM37	
MARCKS	1	MARCKS	
ABHD3	1	ABHD3	
MAP4	1	MAP4	
RAB22A	1	RAB22A	
NXT2	1	NXT2	
LDOC1	1	LDOC1	
RNF167	1	RNF167	
NSMCE3	1	NSMCE3	
PNKP	1	PNKP	
TMEM147	1	TMEM147	
WAC	1	WAC	
CASC15	1	CASC15	
HLA-DMB	1	HLA-DMB	
KCNMB4	1	KCNMB4	
NCEH1	1	NCEH1	
FASTK	1	FASTK	
BLNK	1	BLNK	
AQP1	1	AQP1	
OSBPL2	1	OSBPL2	
MEF2C	1	MEF2C	
NDUFAF2	1	NDUFAF2	
STPG1	1	STPG1	
RAC1	1	RAC1	
VMP1	1	VMP1	
EIF4B	1	EIF4B	
TMA7	1	TMA7	
PRKAR1A	1	PRKAR1A	
TASOR	1	TASOR	
RTCB	1	RTCB	
BIRC6	1	BIRC6	
PPP1R12A	1	PPP1R12A	
NFIA	1	NFIA	
UBE2L3	1	UBE2L3	
STAT5B	1	STAT5B	
PDE8B	1	PDE8B	
RRP15	1	RRP15	
ASPDH	1	ASPDH	
UBXN6	1	UBXN6	
ATP6AP2	1	ATP6AP2	
PACSIN2	1	PACSIN2	
RBM25	1	RBM25	
ABHD17B	1	ABHD17B	
IFNGR2	1	IFNGR2	
SF1	1	SF1	
NDUFV1	1	NDUFV1	
CBARP	1	CBARP	
PEX11A	1	PEX11A	
PACS2	1	PACS2	
PHF13	1	PHF13	
VAPA	1	VAPA	
MDC1	1	MDC1	
BCAS4	1	BCAS4	
NPTX2	1	NPTX2	
BCL2L1	1	BCL2L1	
SMAD4	1	SMAD4	
FLRT2	1	FLRT2	
CDH2	1	CDH2	
BCAP31	1	BCAP31	
NDUFA3	1	NDUFA3	
ABCC10	1	ABCC10	
ARRDC3	1	ARRDC3	
AAAS	1	AAAS	
FAM199X	1	FAM199X	
ABHD2	1	ABHD2	
NTSR2	1	NTSR2	
RPL38	1	RPL38	
GLOD4	1	GLOD4	
SUMF2	1	SUMF2	
IL17RB	1	IL17RB	
MZT2B	1	MZT2B	
ZNF740	1	ZNF740	
HINT3	1	HINT3	
TMEM70	1	TMEM70	
HLA-B	1	HLA-B	
ING5	1	ING5	
SLC4A7	1	SLC4A7	
DYNLT3	1	DYNLT3	
CHD7	1	CHD7	
MRPL16	1	MRPL16	
GBF1	1	GBF1	
CYB5R1	1	CYB5R1	
PRKCSH	1	PRKCSH	
RPS19BP1	1	RPS19BP1	
DISP2	1	DISP2	
DYNC1H1	1	DYNC1H1	
TMTC3	1	TMTC3	
BCL6	1	BCL6	
FGFR2	1	FGFR2	
ZC3H14	1	ZC3H14	
GIGYF2	1	GIGYF2	
KLHL32	1	KLHL32	
NDRG4	1	NDRG4	
PLCL2	1	PLCL2	
CEP68	1	CEP68	
PAFAH1B3	1	PAFAH1B3	
STX6	1	STX6	
HDHD2	1	HDHD2	
SALL3	1	SALL3	
SAC3D1	1	SAC3D1	
IMMP1L	1	IMMP1L	
AKTIP	1	AKTIP	
APOE	1	APOE	
ERP29	1	ERP29	
SUN2	1	SUN2	
DGAT1	1	DGAT1	
C11orf54	1	C11orf54	
NNT-AS1	1	NNT-AS1	
PRR7	1	PRR7	
CCDC127	1	CCDC127	
DST	1	DST	
EFTUD2	1	EFTUD2	
TEF	1	TEF	
MRPL41	1	MRPL41	
ZW10	1	ZW10	
SUGT1	1	SUGT1	
GATC	1	GATC	
SLC25A25	1	SLC25A25	
PLEKHM3	1	PLEKHM3	
BCR	1	BCR	
PSPC1	1	PSPC1	
GOLGA7	1	GOLGA7	
TRIM24	1	TRIM24	
FN3KRP	1	FN3KRP	
PHYH	1	PHYH	
UBE2L6	1	UBE2L6	
MPP1	1	MPP1	
ECE2	1	ECE2	
SYT11	1	SYT11	
ADO	1	ADO	
MRPS26	1	MRPS26	
CACNG4	1	CACNG4	
SAPCD2	1	SAPCD2	
MRPS18C	1	MRPS18C	
FSCN1	1	FSCN1	
PRKG1	1	PRKG1	
FAM3C	1	FAM3C	
FKBP8	1	FKBP8	
LSR	1	LSR	
LRRC42	1	LRRC42	
RABAC1	1	RABAC1	
ACBD3	1	ACBD3	
PALS2	1	MPP6	
MAGED2	1	MAGED2	
RABL6	1	RABL6	
PFKM	1	PFKM	
CNOT7	1	CNOT7	
TOLLIP	1	TOLLIP	
TLCD5	1	TLCD5	
WDFY3	1	WDFY3	
FAM184A	1	FAM184A	
LIX1L	1	LIX1L	
PIEZO1	1	PIEZO1	
LY6E	1	LY6E	
UTP11	1	UTP11	
LLPH	1	LLPH	
RNF216	1	RNF216	
ARPC4	1	ARPC4	
RANBP3	1	RANBP3	
EIF1B	1	EIF1B	
MAGI2-AS3	1	MAGI2-AS3	
ICA1L	1	ICA1L	
METAP2	1	METAP2	
PDAP1	1	PDAP1	
PPIG	1	PPIG	
KIF22	1	KIF22	
MLST8	1	MLST8	
COG3	1	COG3	
SLC35B1	1	SLC35B1	
TSGA10	1	TSGA10	
CCDC86	1	CCDC86	
BBLN	1	C9orf16	
DUSP3	1	DUSP3	
HSPA8	1	HSPA8	
APC	1	APC	
CUTA	1	CUTA	
RIOK3	1	RIOK3	
JAKMIP2	1	JAKMIP2	
LTBP4	1	LTBP4	
ZNF641	1	ZNF641	
UHMK1	1	UHMK1	
MRPL44	1	MRPL44	
SNRPE	1	SNRPE	
DYNC1I2	1	DYNC1I2	
IQSEC3	1	IQSEC3	
NOC3L	1	NOC3L	
UBE3C	1	UBE3C	
KLF16	1	KLF16	
CSDE1	1	CSDE1	
HSBP1	1	HSBP1	
SLC25A4	1	SLC25A4	
KIF5B	1	KIF5B	
STAMBPL1	1	STAMBPL1	
ILK	1	ILK	
IFITM10	1	IFITM10	
ATXN10	1	ATXN10	
PNPO	1	PNPO	
UPK3BL1	1	UPK3BL1	
HMGCR	1	HMGCR	
BRAT1	1	BRAT1	
UNC119	1	UNC119	
ARF5	1	ARF5	
DIPK1B	1	DIPK1B	
GPX4	1	GPX4	
NUP54	1	NUP54	
EPAS1	1	EPAS1	
ZNF354B	1	ZNF354B	
COA3	1	COA3	
YIF1B	1	YIF1B	
CADM4	1	CADM4	
S100A13	1	S100A13	
HDLBP	1	HDLBP	
POU3F2	1	POU3F2	
RSL24D1	1	RSL24D1	
MAK16	1	MAK16	
CYB5D1	1	CYB5D1	
EIF2B1	1	EIF2B1	
PNISR	1	PNISR	
COX6B1	1	COX6B1	
TMEM126A	1	TMEM126A	
GPR37	1	GPR37	
RNF121	1	RNF121	
DNAJB2	1	DNAJB2	
RPA2	1	RPA2	
NR3C2	1	NR3C2	
SOX21	1	SOX21	
CDC42SE2	1	CDC42SE2	
MRPS34	1	MRPS34	
SUMO3	1	SUMO3	
NDRG1	1	NDRG1	
SRSF1	1	SRSF1	
KIF16B	1	KIF16B	
PFDN5	1	PFDN5	
PPIP5K2	1	PPIP5K2	
ABCA2	1	ABCA2	
EMG1	1	EMG1	
SEH1L	1	SEH1L	
HACD3	1	HACD3	
INTS1	1	INTS1	
TPT1-AS1	1	TPT1-AS1	
ROCK2	1	ROCK2	
BIRC2	1	BIRC2	
DTWD2	1	DTWD2	
TCEAL3	1	TCEAL3	
RGS16	1	RGS16	
METTL3	1	METTL3	
UBXN2B	1	UBXN2B	
ANP32B	1	ANP32B	
DPCD	1	DPCD	
RTL8C	1	RTL8C	
ZC3H7B	1	ZC3H7B	
ATP5F1C	1	ATP5F1C	
RBM5	1	RBM5	
NDUFA1	1	NDUFA1	
PNMA1	1	PNMA1	
DERL1	1	DERL1	
RANGRF	1	RANGRF	
ZNF594	1	ZNF594	
FKRP	1	FKRP	
SDAD1	1	SDAD1	
ROBO3	1	ROBO3	
PRDM4	1	PRDM4	
SAP18	1	SAP18	
LARP1B	1	LARP1B	
MAPK8IP1	1	MAPK8IP1	
TUBGCP6	1	TUBGCP6	
TAB2	1	TAB2	
FAM50A	1	FAM50A	
AASDH	1	AASDH	
DCAF17	1	DCAF17	
KLHL2	1	KLHL2	
BCL2L2	1	BCL2L2	
MCTP1	1	MCTP1	
NEK7	1	NEK7	
SIRPA	1	SIRPA	
COPA	1	COPA	
NUDT16L1	1	NUDT16L1	
TPRKB	1	TPRKB	
SLC25A13	1	SLC25A13	
TMEM9	1	TMEM9	
GET1	1	GET1	
PLOD1	1	PLOD1	
GPX7	1	GPX7	
GATD1	1	GATD1	
LRRFIP1	1	LRRFIP1	
CPNE2	1	CPNE2	
COX7C	1	COX7C	
PHACTR1	1	PHACTR1	
TM2D2	1	TM2D2	
CLSTN1	1	CLSTN1	
PPP5D1P	1	PPP5D1	
CCDC126	1	CCDC126	
GNG10	1	GNG10	
PHLPP1	1	PHLPP1	
CMBL	1	CMBL	
MAP4K4	1	MAP4K4	
CHST11	1	CHST11	
DPY30	1	DPY30	
PAQR6	1	PAQR6	
FOXRED2	1	FOXRED2	
SH3GLB1	1	SH3GLB1	
NAP1L1	1	NAP1L1	
ATOSA	1	FAM214A	
ACTR3	1	ACTR3	
NME3	1	NME3	
MGST3	1	MGST3	
SOX2	1	SOX2	
DCP1A	1	DCP1A	
ST3GAL3	1	ST3GAL3	
RPS10	1	RPS10	
TMEM50B	1	TMEM50B	
SORL1	1	SORL1	
FAM114A2	1	FAM114A2	
PDZD11	1	PDZD11	
PALM2AKAP2	1	PALM2-AKAP2	
DLG3	1	DLG3	
UQCRQ	1	UQCRQ	
TTYH1	1	TTYH1	
PSME1	1	PSME1	
SLC38A2	1	SLC38A2	
UBXN1	1	UBXN1	
KAT2B	1	KAT2B	
TTC1	1	TTC1	
SYVN1	1	SYVN1	
TMEM161B-DT	1	TMEM161B-AS1	
KPNB1	1	KPNB1	
ANTKMT	1	ANTKMT	
HPSE2	1	HPSE2	
MICU2	1	MICU2	
ATP5PD	1	ATP5PD	
EEF2	1	EEF2	
CUEDC2	1	CUEDC2	
SEMA3C	1	SEMA3C	
CSRNP2	1	CSRNP2	
MICOS13	1	MICOS13	
NCOR1	1	NCOR1	
HNRNPD	1	HNRNPD	
CHI3L1	1	CHI3L1	
BNIP1	1	BNIP1	
CPT2	1	CPT2	
TMOD3	1	TMOD3	
PSMF1	1	PSMF1	
KRCC1	1	KRCC1	
SSNA1	1	SSNA1	
SSU72	1	SSU72	
CPLX1	1	CPLX1	
RAN	1	RAN	
MSANTD4	1	MSANTD4	
INTS4	1	INTS4	
HLTF	1	HLTF	
TIMM17A	1	TIMM17A	
RGS2	1	RGS2	
ARL6IP4	1	ARL6IP4	
PSMD8	1	PSMD8	
SOD1	1	SOD1	
NSDHL	1	NSDHL	
SNX8	1	SNX8	
SSBP4	1	SSBP4	
ANKRD10	1	ANKRD10	
MRPL12	1	MRPL12	
RFC4	1	RFC4	
EML2	1	EML2	
MEST	1	MEST	
TOP2B	1	TOP2B	
SAMD14	1	SAMD14	
NACA	1	NACA	
KLC4	1	KLC4	
CUL4A	1	CUL4A	
SULF2	1	SULF2	
EPS15	1	EPS15	
ZNF3	1	ZNF3	
DNAJC15	1	DNAJC15	
SPTAN1	1	SPTAN1	
FLNB	1	FLNB	
FHIP2A	1	FAM160B1	
ST6GALNAC6	1	ST6GALNAC6	
CSAD	1	CSAD	
RNF130	1	RNF130	
LIPE-AS1	1	LIPE-AS1	
PIGB	1	PIGB	
LRP6	1	LRP6	
ATF1	1	ATF1	
GID8	1	GID8	
UBB	1	UBB	
GALNT11	1	GALNT11	
SLC45A1	1	SLC45A1	
EIF2S2	1	EIF2S2	
HDDC2	1	HDDC2	
CHDH	1	CHDH	
ZHX1	1	ZHX1	
ARF4	1	ARF4	
DEAF1	1	DEAF1	
CHD1	1	CHD1	
HNRNPH3	1	HNRNPH3	
MRFAP1	1	MRFAP1	
COLGALT1	1	COLGALT1	
HSBP1L1	1	HSBP1L1	
MRPS21	1	MRPS21	
DAP3	1	DAP3	
LIPE	1	LIPE	
CDKN2AIP	1	CDKN2AIP	
TCEA2	1	TCEA2	
POLR3G	1	POLR3G	
RNF7	1	RNF7	
UBA2	1	UBA2	
CLPB	1	CLPB	
C1GALT1	1	C1GALT1	
LRPAP1	1	LRPAP1	
MICAL3	1	MICAL3	
YTHDF2	1	YTHDF2	
PRMT6	1	PRMT6	
RPL14	1	RPL14	
SHISA5	1	SHISA5	
SAMD4B	1	SAMD4B	
PALD1	1	PALD1	
TSHZ2	1	TSHZ2	
SMNDC1	1	SMNDC1	
TMEM131	1	TMEM131	
SNAPC2	1	SNAPC2	
LINC01278	1	LINC01278	
WWC1	1	WWC1	
FAM124A	1	FAM124A	
CYB5D2	1	CYB5D2	
ARFGAP2	1	ARFGAP2	
OGFOD1	1	OGFOD1	
SORCS3	1	SORCS3	
LINC02482	1	LINC02482	
BTBD2	1	BTBD2	
ZNF510	1	ZNF510	
PTMS	1	PTMS	
BUB3	1	BUB3	
BRD3	1	BRD3	
RPS29	1	RPS29	
SESTD1	1	SESTD1	
EXOSC3	1	EXOSC3	
MIEN1	1	MIEN1	
STRN4	1	STRN4	
CLIP1	1	CLIP1	
MRPL33	1	MRPL33	
CDKL2	1	CDKL2	
INPP5K	1	INPP5K	
FGFR1	1	FGFR1	
ZNF708	1	ZNF708	
CLTB	1	CLTB	
POLR2D	1	POLR2D	
TMEM219	1	TMEM219	
UBA3	1	UBA3	
SYNE1	1	SYNE1	
RNASET2	1	RNASET2	
SEPHS2	1	SEPHS2	
WWC3	1	WWC3	
FAR1	1	FAR1	
NFE2L1	1	NFE2L1	
PRDM11	1	PRDM11	
NOP58	1	NOP58	
CDC14B	1	CDC14B	
TIAM1	1	TIAM1	
NDUFA4	1	NDUFA4	
GRHPR	1	GRHPR	
LINC-PINT	1	LINC-PINT	
SEL1L	1	SEL1L	
MBD3	1	MBD3	
TINAGL1	1	TINAGL1	
ACP1	1	ACP1	
TMEM141	1	TMEM141	
DNAJB6	1	DNAJB6	
PKM	1	PKM	
NOLC1	1	NOLC1	
CRBN	1	CRBN	
RPL21	1	RPL21	
HYOU1	1	HYOU1	
TINF2	1	TINF2	
CHST2	1	CHST2	
LDHB	1	LDHB	
TMEM33	1	TMEM33	
MEGF9	1	MEGF9	
MTX3	1	MTX3	
RSRP1	1	RSRP1	
OLFM1	1	OLFM1	
ARHGAP21	1	ARHGAP21	
NBPF11	1	NBPF11	
DCAKD	1	DCAKD	
PIK3CB	1	PIK3CB	
RPS3A	1	RPS3A	
ESYT1	1	ESYT1	
EEA1	1	EEA1	
HEXA	1	HEXA	
RRAGA	1	RRAGA	
TMEM87A	1	TMEM87A	
ARHGDIA	1	ARHGDIA	
STAT1	1	STAT1	
KIF9	1	KIF9	
TNR	1	TNR	
SUPT3H	1	SUPT3H	
CHMP6	1	CHMP6	
TBCA	1	TBCA	
AKIRIN1	1	AKIRIN1	
RBM26	1	RBM26	
COQ5	1	COQ5	
PANTR1	1	PANTR1	
RANBP1	1	RANBP1	
CPNE1	1	CPNE1	
LRRCC1	1	LRRCC1	
ZNF791	1	ZNF791	
RPL15	1	RPL15	
SUCLG1	1	SUCLG1	
RAB21	1	RAB21	
RMST	1	RMST	
C9orf64	1	C9orf64	
RNF115	1	RNF115	
NDUFS1	1	NDUFS1	
PPARA	1	PPARA	
NSUN5	1	NSUN5	
UFM1	1	UFM1	
CADM2	1	CADM2	
ENTPD1	1	ENTPD1	
ARFGAP3	1	ARFGAP3	
TAF2	1	TAF2	
PCYT1B	1	PCYT1B	
BYSL	1	BYSL	
MTX2	1	MTX2	
PIP4P2	1	PIP4P2	
MALAT1	1	MALAT1	
SF3A3	1	SF3A3	
ACOX1	1	ACOX1	
NAA38	1	NAA38	
PPP2CA	1	PPP2CA	
ACAD8	1	ACAD8	
BRK1	1	BRK1	
MYBPC1	1	MYBPC1	
JTB	1	JTB	
CRY1	1	CRY1	
STX12	1	STX12	
GABARAP	1	GABARAP	
TRIM69	1	TRIM69	
JMJD8	1	JMJD8	
ANAPC5	1	ANAPC5	
MARVELD1	1	MARVELD1	
SAYSD1	1	SAYSD1	
SLC35E1	1	SLC35E1	
TRMT11	1	TRMT11	
JDP2	1	JDP2	
NMRAL1	1	NMRAL1	
SLC14A1	1	SLC14A1	
SCD5	1	SCD5	
HAX1	1	HAX1	
CHCHD10	1	CHCHD10	
EIF2S1	1	EIF2S1	
HNRNPDL	1	HNRNPDL	
FOXN3	1	FOXN3	
NDRG2	1	NDRG2	
HNRNPA3	1	HNRNPA3	
PABPC1	1	PABPC1	
SRRM4	1	SRRM4	
SRBD1	1	SRBD1	
ATP6V1F	1	ATP6V1F	
APLP2	1	APLP2	
NMT1	1	NMT1	
KRTCAP2	1	KRTCAP2	
SOCS6	1	SOCS6	
TRA2B	1	TRA2B	
PRKAA2	1	PRKAA2	
BBS4	1	BBS4	
PGPEP1	1	PGPEP1	
TM9SF3	1	TM9SF3	
AK4	1	AK4	
NDUFB4	1	NDUFB4	
IFIT5	1	IFIT5	
CCNI	1	CCNI	
SEPTIN11	1	SEPTIN11	
MAF	1	MAF	
ARPC5	1	ARPC5	
ACTR1B	1	ACTR1B	
WDSUB1	1	WDSUB1	
DDX25	1	DDX25	
IRF2BPL	1	IRF2BPL	
MRPL52	1	MRPL52	
RAD23A	1	RAD23A	
ZMAT1	1	ZMAT1	
ZNF32	1	ZNF32	
TMEM41B	1	TMEM41B	
ZEB1	1	ZEB1	
PPP4R2	1	PPP4R2	
CHMP1B	1	CHMP1B	
ATP5MC2	1	ATP5MC2	
AFG3L2	1	AFG3L2	
SNX18	1	SNX18	
RPS5	1	RPS5	
M6PR	1	M6PR	
ARL6IP5	1	ARL6IP5	
PUDP	1	PUDP	
MIR9-1HG	1	C1orf61	
DCXR	1	DCXR	
GIT2	1	GIT2	
ZNF83	1	ZNF83	
CTNND2	1	CTNND2	
NDUFV3	1	NDUFV3	
EXOC2	1	EXOC2	
SULT1A1	1	SULT1A1	
MRPS6	1	MRPS6	
UBE2D3	1	UBE2D3	
LRRC27	1	LRRC27	
TTC21A	1	TTC21A	
C2orf72	1	C2orf72	
MTPN	1	MTPN	
PRDX5	1	PRDX5	
LARP4B	1	LARP4B	
TEAD1	1	TEAD1	
SELENOW	1	SELENOW	
POLR2K	1	POLR2K	
TRAPPC4	1	TRAPPC4	
SNRPD2	1	SNRPD2	
C1orf43	1	C1orf43	
VEGFB	1	VEGFB	
CLK1	1	CLK1	
RIGI	1	DDX58	
FADD	1	FADD	
SMIM29	1	SMIM29	
PTPN11	1	PTPN11	
SPIRE1	1	SPIRE1	
MAD1L1	1	MAD1L1	
A2M	1	A2M	
HMGN4	1	HMGN4	
LINC01736	1	LINC01736	
PDHX	1	PDHX	
BRD1	1	BRD1	
SRSF2	1	SRSF2	
YIPF5	1	YIPF5	
WFS1	1	WFS1	
GTPBP6	1	GTPBP6	
GSTK1	1	GSTK1	
PER1	1	PER1	
RNF38	1	RNF38	
PDCD5	1	PDCD5	
ELAVL1	1	ELAVL1	
IK	1	IK	
ARGLU1	1	ARGLU1	
SCAMP2	1	SCAMP2	
SPNS1	1	SPNS1	
SAMD4A	1	SAMD4A	
UPP1	1	UPP1	
TAF1D	1	TAF1D	
NDUFB5	1	NDUFB5	
WSB2	1	WSB2	
HERPUD1	1	HERPUD1	
SKP1	1	SKP1	
HS2ST1	1	HS2ST1	
GSTP1	1	GSTP1	
TOX4	1	TOX4	
CPT1B	1	CPT1B	
PSMA6	1	PSMA6	
CSNK1A1	1	CSNK1A1	
ARL8A	1	ARL8A	
COMMD10	1	COMMD10	
TNFSF10	1	TNFSF10	
KPNA1	1	KPNA1	
SEPHS1	1	SEPHS1	
NUP98	1	NUP98	
EIF2AK2	1	EIF2AK2	
PLPP4	1	PLPP4	
LARP4	1	LARP4	
PRELID1	1	PRELID1	
STT3B	1	STT3B	
SNX17	1	SNX17	
CDV3	1	CDV3	
AHCYL2	1	AHCYL2	
SRP14	1	SRP14	
HNRNPU	1	HNRNPU	
BRI3	1	BRI3	
PRPF18	1	PRPF18	
ZNHIT1	1	ZNHIT1	
MMD	1	MMD	
CIRBP	1	CIRBP	
DNAH7	1	DNAH7	
DMD	1	DMD	
PHB1	1	PHB	
TMEM179B	1	TMEM179B	
WASHC2A	1	WASHC2A	
CAPNS1	1	CAPNS1	
EEF1A1	1	EEF1A1	
TSTD2	1	TSTD2	
FCHSD1	1	FCHSD1	
ATP1A2	1	ATP1A2	
STRAP	1	STRAP	
FGD5-AS1	1	FGD5-AS1	
RDH11	1	RDH11	
CAMK2G	1	CAMK2G	
SMAD3	1	SMAD3	
HSPD1	1	HSPD1	
ATP5MC1	1	ATP5MC1	
ZNF358	1	ZNF358	
TBC1D1	1	TBC1D1	
ATP5MF	1	ATP5MF	
YES1	1	YES1	
RPL10A	1	RPL10A	
LGMN	1	LGMN	
FAM221A	1	FAM221A	
ADAT1	1	ADAT1	
ANKRD54	1	ANKRD54	
CDR2	1	CDR2	
C2orf68	1	C2orf68	
GALK2	1	GALK2	
MPRIP	1	MPRIP	
KCNN3	1	KCNN3	
SUPT7L	1	SUPT7L	
CDK11A	1	CDK11A	
PNKD	1	PNKD	
SHANK2	1	SHANK2	
GNL3	1	GNL3	
SELENOP	1	SELENOP	
ALDH4A1	1	ALDH4A1	
EIF3I	1	EIF3I	
MACF1	1	MACF1	
ERMAP	1	ERMAP	
PDE4D	1	PDE4D	
MRPL57	1	MRPL57	
KHSRP	1	KHSRP	
NQO2	1	NQO2	
IRF2BP2	1	IRF2BP2	
SOX12	1	SOX12	
UXS1	1	UXS1	
ENKD1	1	ENKD1	
GSTZ1	1	GSTZ1	
ARL5A	1	ARL5A	
ARHGEF4	1	ARHGEF4	
NABP2	1	NABP2	
TAMM41	1	TAMM41	
SLC4A2	1	SLC4A2	
CDO1	1	CDO1	
CPNE6	1	CPNE6	
MRPL3	1	MRPL3	
PRR13	1	PRR13	
ZSWIM7	1	ZSWIM7	
NUP62	1	NUP62	
RAB9A	1	RAB9A	
EFCAB14	1	EFCAB14	
EPB41L2	1	EPB41L2	
CTSD	1	CTSD	
ARAP1	1	ARAP1	
P2RY1	1	P2RY1	
NT5C3A	1	NT5C3A	
LSM14A	1	LSM14A	
CRACR2B	1	CRACR2B	
ELF2	1	ELF2	
BTG1	1	BTG1	
MAN2B2	1	MAN2B2	
SIRT3	1	SIRT3	
ABCD4	1	ABCD4	
ARL2	1	ARL2	
HOOK3	1	HOOK3	
MYL6	1	MYL6	
AMPD3	1	AMPD3	
ZBTB8OS	1	ZBTB8OS	
SPTSSA	1	SPTSSA	
GFM2	1	GFM2	
KCNE4	1	KCNE4	
TMEM208	1	TMEM208	
AAGAB	1	AAGAB	
MRPS28	1	MRPS28	
HNRNPAB	1	HNRNPAB	
TMED2	1	TMED2	
RPS15	1	RPS15	
CHMP2A	1	CHMP2A	
SLAIN2	1	SLAIN2	
AFF4	1	AFF4	
YIPF3	1	YIPF3	
ATP2B4	1	ATP2B4	
RGL1	1	RGL1	
CLIP4	1	CLIP4	
CCNB1IP1	1	CCNB1IP1	
OSCP1	1	OSCP1	
TNRC6C	1	TNRC6C	
FAM136A	1	FAM136A	
GET3	1	GET3	
LYPLAL1	1	LYPLAL1	
TBKBP1	1	TBKBP1	
RAP2C	1	RAP2C	
TAF10	1	TAF10	
BTF3L4	1	BTF3L4	
CNDP2	1	CNDP2	
LSS	1	LSS	
CALCOCO2	1	CALCOCO2	
DENND5A	1	DENND5A	
HMGN2	1	HMGN2	
EIF3M	1	EIF3M	
RXRA	1	RXRA	
SGTA	1	SGTA	
LINC01532	1	LINC01532	
CASK	1	CASK	
RYR1	1	RYR1	
CPEB4	1	CPEB4	
PPP2R3A	1	PPP2R3A	
CARMIL3	1	CARMIL3	
COMMD1	1	COMMD1	
MCAT	1	MCAT	
SEC24C	1	SEC24C	
ATOSB	1	FAM214B	
MEX3C	1	MEX3C	
CTNNB1	1	CTNNB1	
RRP12	1	RRP12	
UTP25	1	UTP25	
PPP1CB	1	PPP1CB	
SELENOF	1	SELENOF	
DDX39B	1	DDX39B	
TMSB4X	1	TMSB4X	
COX6A1	1	COX6A1	
SIRT2	1	SIRT2	
GOLT1B	1	GOLT1B	
GFPT1	1	GFPT1	
ST13	1	ST13	
DPM3	1	DPM3	
RPL13A	1	RPL13A	
MARCHF8	1	MARCH8	
ERCC6L2	1	ERCC6L2	
ZDHHC7	1	ZDHHC7	
HNRNPA0	1	HNRNPA0	
BCAN	1	BCAN	
HSPA5	1	HSPA5	
ATP6V1G1	1	ATP6V1G1	
UBL5	1	UBL5	
CNIH1	1	CNIH1	
RAB5A	1	RAB5A	
STON2	1	STON2	
NCOA1	1	NCOA1	
COX14	1	COX14	
RSPH3	1	RSPH3	
ARL3	1	ARL3	
SCAND1	1	SCAND1	
SYT14	1	SYT14	
VWA8	1	VWA8	
HNRNPA1	1	HNRNPA1	
SLC7A8	1	SLC7A8	
ESRRA	1	ESRRA	
PWWP2B	1	PWWP2B	
TCIRG1	1	TCIRG1	
PDLIM3	1	PDLIM3	
TMSB10	1	TMSB10	
SPEF2	1	SPEF2	
TOMM7	1	TOMM7	
ERGIC3	1	ERGIC3	
SLC41A2	1	SLC41A2	
BECN1	1	BECN1	
SNRNP25	1	SNRNP25	
UQCR10	1	UQCR10	
PTDSS2	1	PTDSS2	
KAT8	1	KAT8	
RHEB	1	RHEB	
NDUFB3	1	NDUFB3	
UFC1	1	UFC1	
ARHGAP1	1	ARHGAP1	
SMC2	1	SMC2	
SGIP1	1	SGIP1	
ZNF414	1	ZNF414	
PSMB5	1	PSMB5	
TSC22D1	1	TSC22D1	
FDPS	1	FDPS	
LRP1	1	LRP1	
ANGPTL2	1	ANGPTL2	
SYBU	1	SYBU	
GOLM1	1	GOLM1	
DHCR7	1	DHCR7	
PRUNE2	1	PRUNE2	
PHB2	1	PHB2	
INTS3	1	INTS3	
AMD1	1	AMD1	
HMGA1	1	HMGA1	
DIPK1A	1	DIPK1A	
DAAM2	1	DAAM2	
PAXX	1	PAXX	
GLP1R	1	GLP1R	
MYC	1	MYC	
ANKRD9	1	ANKRD9	
SNRNP40	1	SNRNP40	
P2RX4	1	P2RX4	
ZDHHC9	1	ZDHHC9	
GPC6	1	GPC6	
AP1AR	1	AP1AR	
IFT22	1	IFT22	
NR2F1	1	NR2F1	
PCSK1	1	PCSK1	
WAPL	1	WAPL	
CHCHD2	1	CHCHD2	
ROMO1	1	ROMO1	
TMEM98	1	TMEM98	
ITGA3	1	ITGA3	
RGL3	1	RGL3	
ADCYAP1R1	1	ADCYAP1R1	
SHC1	1	SHC1	
MSRA	1	MSRA	
GAS7	1	GAS7	
ANGPTL4	1	ANGPTL4	
RPS2	1	RPS2	
PTGR2	1	PTGR2	
RIN2	1	RIN2	
C1GALT1C1	1	C1GALT1C1	
ACER3	1	ACER3	
TTC39B	1	TTC39B	
SRP72	1	SRP72	
PSMD14	1	PSMD14	
DIS3	1	DIS3	
OXNAD1	1	OXNAD1	
ODC1	1	ODC1	
MRPS15	1	MRPS15	
TUSC2	1	TUSC2	
P4HB	1	P4HB	
ARL6IP6	1	ARL6IP6	
LAGE3	1	LAGE3	
DKK3	1	DKK3	
SMU1	1	SMU1	
ZNF75D	1	ZNF75D	
SCCPDH	1	SCCPDH	
MRPS33	1	MRPS33	
BRIX1	1	BRIX1	
RPF2	1	RPF2	
DBP	1	DBP	
PDE4B	1	PDE4B	
SOBP	1	SOBP	
CAPRIN1	1	CAPRIN1	
RALGDS	1	RALGDS	
LRRK2	1	LRRK2	
PNN	1	PNN	
AHDC1	1	AHDC1	
SRRM2	1	SRRM2	
FYCO1	1	FYCO1	
GTF2B	1	GTF2B	
FBXL5	1	FBXL5	
TM9SF2	1	TM9SF2	
LMBRD1	1	LMBRD1	
USP8	1	USP8	
SIVA1	1	SIVA1	
UBE3A	1	UBE3A	
ANKFY1	1	ANKFY1	
GINM1	1	GINM1	
DVL2	1	DVL2	
ACADVL	1	ACADVL	
SMYD2	1	SMYD2	
NUP107	1	NUP107	
SUSD6	1	SUSD6	
PRKDC	1	PRKDC	
WDR41	1	WDR41	
PPRC1	1	PPRC1	
MAGI2	1	MAGI2	
PEX5	1	PEX5	
HEBP2	1	HEBP2	
PLRG1	1	PLRG1	
SSR3	1	SSR3	
PFN2	1	PFN2	
ETF1	1	ETF1	
ASPH	1	ASPH	
MFSD14A	1	MFSD14A	
B4GALT4	1	B4GALT4	
ATG12	1	ATG12	
ISG15	1	ISG15	
SELENOI	1	SELENOI	
WTAP	1	WTAP	
UBXN7	1	UBXN7	
RPL23	1	RPL23	
WDR6	1	WDR6	
KCNJ10	1	KCNJ10	
MDM2	1	MDM2	
NT5C2	1	NT5C2	
RPL28	1	RPL28	
PDCD6	1	PDCD6	
LMO4	1	LMO4	
RAP1B	1	RAP1B	
PSME2	1	PSME2	
KXD1	1	KXD1	
REST	1	REST	
SCD	1	SCD	
FXYD6	1	FXYD6	
FH	1	FH	
ZHX2	1	ZHX2	
CNOT8	1	CNOT8	
ZNF286A	1	ZNF286A	
NRBF2	1	NRBF2	
MINK1	1	MINK1	
CANX	1	CANX	
IRAK1	1	IRAK1	
HECTD2	1	HECTD2	
MMADHC	1	MMADHC	
STAMBP	1	STAMBP	
FCSK	1	FCSK	
PLXDC2	1	PLXDC2	
WWC2	1	WWC2	
PAF1	1	PAF1	
EML4	1	EML4	
ITGB1	1	ITGB1	
MMACHC	1	MMACHC	
TRIM8	1	TRIM8	
RPS11	1	RPS11	
TCTA	1	TCTA	
UTP15	1	UTP15	
APRT	1	APRT	
UQCR11	1	UQCR11	
LONRF1	1	LONRF1	
PSRC1	1	PSRC1	
HEXB	1	HEXB	
RAP1A	1	RAP1A	
ACLY	1	ACLY	
NUCKS1	1	NUCKS1	
MXI1	1	MXI1	
MRPL1	1	MRPL1	
HSPA9	1	HSPA9	
GTF3C4	1	GTF3C4	
WBP1	1	WBP1	
EIF5	1	EIF5	
KDM4B	1	KDM4B	
PPP1CC	1	PPP1CC	
PURB	1	PURB	
SDC3	1	SDC3	
RPL41	1	RPL41	
WDR83OS	1	WDR83OS	
SUV39H1	1	SUV39H1	
KIF3B	1	KIF3B	
CTNNA3	1	CTNNA3	
ELL2	1	ELL2	
SNHG17	1	SNHG17	
SRSF3	1	SRSF3	
C6orf62	1	C6orf62	
MKLN1	1	MKLN1	
COX5B	1	COX5B	
DYNC2LI1	1	DYNC2LI1	
ZBTB44	1	ZBTB44	
CMTM8	1	CMTM8	
B3GAT2	1	B3GAT2	
PSMB3	1	PSMB3	
NFE2L2	1	NFE2L2	
ASTN2	1	ASTN2	
BCCIP	1	BCCIP	
THBS2	1	THBS2	
ARSB	1	ARSB	
RBBP4	1	RBBP4	
SSR1	1	SSR1	
COMMD6	1	COMMD6	
NHSL1	1	NHSL1	
RGS10	1	RGS10	
NDUFA2	1	NDUFA2	
PPP4R3A	1	PPP4R3A	
RFC5	1	RFC5	
EFHD2	1	EFHD2	
TBC1D15	1	TBC1D15	
FAHD2A	1	FAHD2A	
CKB	1	CKB	
PRRC1	1	PRRC1	
PSME4	1	PSME4	
PES1	1	PES1	
KIT	1	KIT	
WNK1	1	WNK1	
UBA1	1	UBA1	
SSR4	1	SSR4	
HDGFL2	1	HDGFL2	
AKAP1	1	AKAP1	
CNTNAP1	1	CNTNAP1	
ABHD14B	1	ABHD14B	
CYP51A1	1	CYP51A1	
ALDOC	1	ALDOC	
ATG3	1	ATG3	
PATZ1	1	PATZ1	
ANAPC11	1	ANAPC11	
EPS8	1	EPS8	
NINJ1	1	NINJ1	
SDCBP2	1	SDCBP2	
BRINP1	1	BRINP1	
NOP10	1	NOP10	
NUDT8	1	NUDT8	
SBF1	1	SBF1	
NAAA	1	NAAA	
EMC10	1	EMC10	
KIFBP	1	KIF1BP	
KIAA1671	1	KIAA1671	
GABARAPL2	1	GABARAPL2	
TMEM205	1	TMEM205	
TXLNA	1	TXLNA	
PDE12	1	PDE12	
C7orf50	1	C7orf50	
KIAA1217	1	KIAA1217	
DPYSL2	1	DPYSL2	
SMC3	1	SMC3	
FLII	1	FLII	
FOXO4	1	FOXO4	
STRADB	1	STRADB	
SHISA4	1	SHISA4	
TAF6	1	TAF6	
FASN	1	FASN	
MRPL32	1	MRPL32	
RPL36AL	1	RPL36AL	
YY1AP1	1	YY1AP1	
PRAG1	1	PRAG1	
CAT	1	CAT	
HIBCH	1	HIBCH	
NDUFC2	1	NDUFC2	
ITM2C	1	ITM2C	
HSP90B1	1	HSP90B1	
TUBB4B	1	TUBB4B	
BET1L	1	BET1L	
CHRNB1	1	CHRNB1	
NELFE	1	NELFE	
IMPDH2	1	IMPDH2	
SLC30A5	1	SLC30A5	
PMPCA	1	PMPCA	
GAA	1	GAA	
CKAP4	1	CKAP4	
C2orf74	1	C2orf74	
PHLDA1	1	PHLDA1	
INPPL1	1	INPPL1	
YJU2	1	YJU2	
COPE	1	COPE	
ZNF181	1	ZNF181	
ATP13A4	1	ATP13A4	
DICER1-AS1	1	DICER1-AS1	
EFEMP1	1	EFEMP1	
CHCHD1	1	CHCHD1	
MACROD1	1	MACROD1	
CEP95	1	CEP95	
CHL1-AS2	1	CHL1-AS2	
TIMM23	1	TIMM23	
CDH23	1	CDH23	
ARPC2	1	ARPC2	
DCK	1	DCK	
LAMTOR4	1	LAMTOR4	
CNIH4	1	CNIH4	
CPPED1	1	CPPED1	
UAP1	1	UAP1	
SC5D	1	SC5D	
MARCKSL1	1	MARCKSL1	
SPATA20	1	SPATA20	
SLC25A3	1	SLC25A3	
DDX17	1	DDX17	
FAN1	1	FAN1	
THAP12	1	THAP12	
SPG21	1	SPG21	
KRT10	1	KRT10	
MTSS2	1	MTSS2	
CALR	1	CALR	
ALAD	1	ALAD	
IDH3B	1	IDH3B	
SVBP	1	SVBP	
TMEM258	1	TMEM258	
SLC4A4	1	SLC4A4	
TENT5A	1	TENT5A	
RPL17	1	RPL17	
SGSH	1	SGSH	
NNAT	1	NNAT	
GRINA	1	GRINA	
GSTM5	1	GSTM5	
TACC1	1	TACC1	
CDC7	1	CDC7	
SCRIB	1	SCRIB	
PHC2	1	PHC2	
SMC1A	1	SMC1A	
RPL12	1	RPL12	
RBAK	1	RBAK	
GLUL	1	GLUL	
CFL1	1	CFL1	
ATG16L1	1	ATG16L1	
JOSD2	1	JOSD2	
ABTB2	1	ABTB2	
PIR	1	PIR	
SCPEP1	1	SCPEP1	
MAL	1	MAL	
ZBTB16	1	ZBTB16	
CCDC167	1	CCDC167	
PAN3	1	PAN3	
CCND3	1	CCND3	
SEM1	1	SEM1	
PLPP1	1	PLPP1	
ASAH1	1	ASAH1	
SLAIN1	1	SLAIN1	
MON1B	1	MON1B	
BLTP2	1	KIAA0100	
SGCE	1	SGCE	
DUS2	1	DUS2	
ZNF121	1	ZNF121	
DNAJB1	1	DNAJB1	
MIEF2	1	MIEF2	
TMEM18	1	TMEM18	
EIF3B	1	EIF3B	
NOL8	1	NOL8	
WIZ	1	WIZ	
ADGRA3	1	ADGRA3	
PELI1	1	PELI1	
CSNK1G2	1	CSNK1G2	
EML6	1	EML6	
RAF1	1	RAF1	
EEF1AKMT2	1	EEF1AKMT2	
SQLE	1	SQLE	
PEPD	1	PEPD	
PARP1	1	PARP1	
SNRPA	1	SNRPA	
SEMA3A	1	SEMA3A	
PCBP2	1	PCBP2	
PCP4	1	PCP4	
NDUFAF3	1	NDUFAF3	
IER5L	1	IER5L	
WDR43	1	WDR43	
DAD1	1	DAD1	
SDF2L1	1	SDF2L1	
PHPT1	1	PHPT1	
PTPRF	1	PTPRF	
MTRR	1	MTRR	
ADAM15	1	ADAM15	
SPACA9	1	SPACA9	
BLOC1S1	1	BLOC1S1	
SSBP2	1	SSBP2	
FDFT1	1	FDFT1	
TMEM248	1	TMEM248	
ARIH1	1	ARIH1	
ALG14	1	ALG14	
GPAA1	1	GPAA1	
RPL23A	1	RPL23A	
CTDSP2	1	CTDSP2	
UBLCP1	1	UBLCP1	
SPG11	1	SPG11	
LPIN1	1	LPIN1	
TCERG1	1	TCERG1	
AHCYL1	1	AHCYL1	
ASB6	1	ASB6	
DHRS4-AS1	1	DHRS4-AS1	
PYURF	1	PYURF	
PSMD7	1	PSMD7	
ARFIP1	1	ARFIP1	
PAMR1	1	PAMR1	
EDEM3	1	EDEM3	
TUBB2B	1	TUBB2B	
CSGALNACT1	1	CSGALNACT1	
COTL1	1	COTL1	
RRAGC	1	RRAGC	
CBX3	1	CBX3	
CREB3L2	1	CREB3L2	
MMAB	1	MMAB	
FAF2	1	FAF2	
WASHC1	1	WASHC1	
TGM2	1	TGM2	
OARD1	1	OARD1	
HSPB2	1	HSPB2	
PREX2	1	PREX2	
PCBP1	1	PCBP1	
DDX46	1	DDX46	
NUDT15	1	NUDT15	
DNAJC16	1	DNAJC16	
CLIP2	1	CLIP2	
PMM1	1	PMM1	
THRA	1	THRA	
ADA2	1	ADA2	
WWTR1	1	WWTR1	
RHOU	1	RHOU	
SLC30A6	1	SLC30A6	
FAM131A	1	FAM131A	
GRAMD1A	1	GRAMD1A	
APOC1	1	APOC1	
ASCC1	1	ASCC1	
ESD	1	ESD	
CETN3	1	CETN3	
APLN	1	APLN	
TARS3	1	TARSL2	
IFT20	1	IFT20	
OST4	1	OST4	
SBDS	1	SBDS	
EIF4G1	1	EIF4G1	
LZTFL1	1	LZTFL1	
FAHD2B	1	FAHD2B	
SIRT5	1	SIRT5	
ARHGEF6	1	ARHGEF6	
SRP9	1	SRP9	
RPS4X	1	RPS4X	
TMEM163	1	TMEM163	
FRS2	1	FRS2	
FAM149B1	1	FAM149B1	
MPC1	1	MPC1	
RRP7A	1	RRP7A	
MCL1	1	MCL1	
TEX10	1	TEX10	
HCFC1	1	HCFC1	
NEDD4	1	NEDD4	
CSNK2B	1	CSNK2B	
ZNF649	1	ZNF649	
NR1H3	1	NR1H3	
TMEM59	1	TMEM59	
HNRNPH1	1	HNRNPH1	
CPSF7	1	CPSF7	
CNTRL	1	CNTRL	
CD59	1	CD59	
BMP7	1	BMP7	
SUMO2	1	SUMO2	
HSD17B14	1	HSD17B14	
SLC15A2	1	SLC15A2	
CD302	1	CD302	
GTF3C6	1	GTF3C6	
RASL12	1	RASL12	
NFXL1	1	NFXL1	
CD38	1	CD38	
FTH1	1	FTH1	
CARD19	1	CARD19	
H2AJ	1	H2AFJ	
NDUFC1	1	NDUFC1	
CFLAR	1	CFLAR	
SEC61G	1	SEC61G	
LFNG	1	LFNG	
SARM1	1	SARM1	
RAB7A	1	RAB7A	
MTHFD2	1	MTHFD2	
WARS1	1	WARS	
ZNF561-AS1	1	ZNF561-AS1	
EXOC8	1	EXOC8	
LRP2BP	1	LRP2BP	
THYN1	1	THYN1	
ARHGEF10	1	ARHGEF10	
RAB11B-AS1	1	RAB11B-AS1	
XAB2	1	XAB2	
AK6	1	AK6	
EFCAB11	1	EFCAB11	
GALNT2	1	GALNT2	
SIPA1L2	1	SIPA1L2	
PINLYP	1	PINLYP	
APCDD1	1	APCDD1	
IFI16	1	IFI16	
MVD	1	MVD	
ACTB	1	ACTB	
RBMX	1	RBMX	
TMEM132A	1	TMEM132A	
TESC	1	TESC	
NUDT16	1	NUDT16	
RERG	1	RERG	
TGFB1	1	TGFB1	
MRO	1	MRO	
EVI5	1	EVI5	
TRIO	1	TRIO	
SCP2	1	SCP2	
TM2D1	1	TM2D1	
AHNAK	1	AHNAK	
CCDC74A	1	CCDC74A	
DDR2	1	DDR2	
DENND2B	1	ST5	
FNDC3B	1	FNDC3B	
ORMDL3	1	ORMDL3	
NRAS	1	NRAS	
MRPL58	1	MRPL58	
METRN	1	METRN	
FAM20C	1	FAM20C	
TBC1D14	1	TBC1D14	
STEAP2	1	STEAP2	
NBPF12	1	NBPF12	
ZNF354A	1	ZNF354A	
ACTN1	1	ACTN1	
CPSF1	1	CPSF1	
KIF27	1	KIF27	
NCAN	1	NCAN	
SH3BGRL	1	SH3BGRL	
CPVL	1	CPVL	
ZFAND6	1	ZFAND6	
SBNO2	1	SBNO2	
LZTS3	1	LZTS3	
CENATAC	1	CCDC84	
SPART	1	SPART	
TFDP1	1	TFDP1	
ZC3H12C	1	ZC3H12C	
CDK5RAP1	1	CDK5RAP1	
TRIOBP	1	TRIOBP	
QKI	1	QKI	
ADGRG1	1	ADGRG1	
POP5	1	POP5	
STAT3	1	STAT3	
CYB5R3	1	CYB5R3	
PEX12	1	PEX12	
WBP2	1	WBP2	
AKAP13	1	AKAP13	
YKT6	1	YKT6	
EEPD1	1	EEPD1	
CAVIN3	1	CAVIN3	
SCG3	1	SCG3	
OTUD7B	1	OTUD7B	
UBE2G1	1	UBE2G1	
KBTBD11	1	KBTBD11	
ENTPD1-AS1	1	ENTPD1-AS1	
MAPRE1	1	MAPRE1	
CDKN1C	1	CDKN1C	
PPP1R8	1	PPP1R8	
CDHR1	1	CDHR1	
STX2	1	STX2	
SLC25A5	1	SLC25A5	
BDH2	1	BDH2	
FEM1C	1	FEM1C	
DPYSL3	1	DPYSL3	
TENM4	1	TENM4	
METTL7A	1	METTL7A	
HADHA	1	HADHA	
AKR1C1	1	AKR1C1	
RAB30-DT	1	RAB30-DT	
NAV2	1	NAV2	
C3	1	C3	
ARHGEF3	1	ARHGEF3	
PLEKHH3	1	PLEKHH3	
CRIPT	1	CRIPT	
PPIE	1	PPIE	
GSDME	1	GSDME	
CDC42EP4	1	CDC42EP4	
ERBIN	1	ERBIN	
CLUAP1	1	CLUAP1	
RETSAT	1	RETSAT	
OXSR1	1	OXSR1	
DIPK2A	1	DIPK2A	
RIMKLB	1	RIMKLB	
LACTB2	1	LACTB2	
CFAP298	1	CFAP298	
PAIP2	1	PAIP2	
CSF1R	1	CSF1R	
SLC25A48	1	SLC25A48	
ATF4	1	ATF4	
PCNA	1	PCNA	
WDR35	1	WDR35	
SERBP1	1	SERBP1	
SLC7A5	1	SLC7A5	
DERL2	1	DERL2	
RPN1	1	RPN1	
TACO1	1	TACO1	
CEP63	1	CEP63	
ZBTB38	1	ZBTB38	
ZBTB41	1	ZBTB41	
MT3	1	MT3	
KDM3A	1	KDM3A	
BMAL1	1	ARNTL	
PCNX4	1	PCNX4	
TXNRD3	1	TXNRD3	
DTNA	1	DTNA	
WDR19	1	WDR19	
PNRC1	1	PNRC1	
POC1B	1	POC1B	
MRPL13	1	MRPL13	
DYNLT2B	1	TCTEX1D2	
LST1	1	LST1	
UFSP2	1	UFSP2	
TLCD1	1	TLCD1	
MAPK1IP1L	1	MAPK1IP1L	
UBE2H	1	UBE2H	
ANXA4	1	ANXA4	
C21orf62	1	C21orf62	
CCDC47	1	CCDC47	
USP53	1	USP53	
ARHGEF26-AS1	1	ARHGEF26-AS1	
AKT1S1	1	AKT1S1	
USP38	1	USP38	
PON2	1	PON2	
TMEM38A	1	TMEM38A	
CERS1	1	CERS1	
DNASE2	1	DNASE2	
RHOBTB3	1	RHOBTB3	
PCBD2	1	PCBD2	
APOC2	1	APOC2	
EIF2AK3	1	EIF2AK3	
ERRFI1	1	ERRFI1	
ZC3H12B	1	ZC3H12B	
CD99	1	CD99	
C8orf33	1	C8orf33	
COL21A1	1	COL21A1	
SEC11C	1	SEC11C	
EMC2	1	EMC2	
ABCD3	1	ABCD3	
NTRK2	1	NTRK2	
HDDC3	1	HDDC3	
BOLA1	1	BOLA1	
DCTD	1	DCTD	
TMEM129	1	TMEM129	
HMGN3	1	HMGN3	
SREBF1	1	SREBF1	
ITPR2	1	ITPR2	
RALGAPA2	1	RALGAPA2	
SLC44A2	1	SLC44A2	
H3-3A	1	H3F3A	
RARRES2	1	RARRES2	
C1orf21	1	C1orf21	
ELK3	1	ELK3	
RBL2	1	RBL2	
CD164	1	CD164	
GON7	1	GON7	
FADS1	1	FADS1	
RPS15A	1	RPS15A	
SEMA4B	1	SEMA4B	
CHPF	1	CHPF	
RELN	1	RELN	
NPHP3	1	NPHP3	
NIBAN2	1	NIBAN2	
SERINC5	1	SERINC5	
G6PC3	1	G6PC3	
TMEM109	1	TMEM109	
SURF4	1	SURF4	
HSPA1B	1	HSPA1B	
HIPK1	1	HIPK1	
NFS1	1	NFS1	
LAPTM5	1	LAPTM5	
FAT1	1	FAT1	
SPARCL1	1	SPARCL1	
MFSD10	1	MFSD10	
DENND3	1	DENND3	
PDE4DIP	1	PDE4DIP	
MROH8	1	MROH8	
PDGFA	1	PDGFA	
RAB13	1	RAB13	
TUBA1A	1	TUBA1A	
MISP3	1	MISP3	
SNHG8	1	SNHG8	
SLC1A3	1	SLC1A3	
BZW1	1	BZW1	
CBY1	1	CBY1	
PPM1J	1	PPM1J	
SRGAP2C	1	SRGAP2C	
TJP1	1	TJP1	
PPP1R1B	1	PPP1R1B	
S1PR1	1	S1PR1	
ALDH2	1	ALDH2	
HSD17B12	1	HSD17B12	
PDLIM2	1	PDLIM2	
TAGLN2	1	TAGLN2	
SLC25A16	1	SLC25A16	
ARF6	1	ARF6	
SF3B4	1	SF3B4	
EIF1	1	EIF1	
POLR2L	1	POLR2L	
ZFX	1	ZFX	
ECH1	1	ECH1	
RAB23	1	RAB23	
SEC61A1	1	SEC61A1	
FNBP4	1	FNBP4	
LSM8	1	LSM8	
EIF3D	1	EIF3D	
C2orf49	1	C2orf49	
DHRS3	1	DHRS3	
SUN1	1	SUN1	
PROB1	1	PROB1	
PIGU	1	PIGU	
AZIN2	1	AZIN2	
FHL1	1	FHL1	
THAP8	1	THAP8	
CROT	1	CROT	
SEC14L2	1	SEC14L2	
HAGHL	1	HAGHL	
MAX	1	MAX	
EXT2	1	EXT2	
ATP1B2	1	ATP1B2	
SH3BGRL3	1	SH3BGRL3	
ALDH3A2	1	ALDH3A2	
BAALC	1	BAALC	
PACRG	1	PACRG	
PC	1	PC	
SETD7	1	SETD7	
SLC15A4	1	SLC15A4	
GFAP	1	GFAP	
CTNNA2	1	CTNNA2	
PTPN2	1	PTPN2	
AKR7A2	1	AKR7A2	
SNX5	1	SNX5	
WASF3	1	WASF3	
DALRD3	1	DALRD3	
EML1	1	EML1	
RHOA	1	RHOA	
CD151	1	CD151	
PLEKHB1	1	PLEKHB1	
VANGL2	1	VANGL2	
DNAAF5	1	DNAAF5	
RHPN1	1	RHPN1	
TOM1L1	1	TOM1L1	
RSPRY1	1	RSPRY1	
FGF2	1	FGF2	
ZIC1	1	ZIC1	
CYB5A	1	CYB5A	
NACC2	1	NACC2	
HSPA2	1	HSPA2	
EMP2	1	EMP2	
SOX9-AS1	1	SOX9-AS1	
TMC6	1	TMC6	
OSBPL5	1	OSBPL5	
KIF13A	1	KIF13A	
TRIAP1	1	TRIAP1	
GNL2	1	GNL2	
ECI2	1	ECI2	
PRRX1	1	PRRX1	
PTPMT1	1	PTPMT1	
IFT57	1	IFT57	
RRS1	1	RRS1	
IL17D	1	IL17D	
SLC25A33	1	SLC25A33	
GTF2IRD2	1	GTF2IRD2	
FNTA	1	FNTA	
APOL2	1	APOL2	
POLR2G	1	POLR2G	
TGFBI	1	TGFBI	
CEP126	1	CEP126	
IFITM2	1	IFITM2	
FKBP5	1	FKBP5	
HEPACAM	1	HEPACAM	
CAMKMT	1	CAMKMT	
GOLIM4	1	GOLIM4	
MID1IP1	1	MID1IP1	
ANXA7	1	ANXA7	
ZDHHC4	1	ZDHHC4	
DDI2	1	DDI2	
NIP7	1	NIP7	
PNPLA8	1	PNPLA8	
CRK	1	CRK	
PMP22	1	PMP22	
NEK6	1	NEK6	
LHFPL6	1	LHFPL6	
PSAP	1	PSAP	
FAM193A	1	FAM193A	
CFAP119	1	CCDC189	
SMARCE1	1	SMARCE1	
MFAP3L	1	MFAP3L	
HMGN1	1	HMGN1	
PLXND1	1	PLXND1	
ZNF608	1	ZNF608	
ID2	1	ID2	
POLR2C	1	POLR2C	
UBTD2	1	UBTD2	
WNK2	1	WNK2	
MED27	1	MED27	
POLR2J	1	POLR2J	
FCGR3A	1	FCGR3A	
YIF1A	1	YIF1A	
DDX21	1	DDX21	
IRS2	1	IRS2	
SELENON	1	SELENON	
CKLF	1	CKLF	
MYO6	1	MYO6	
SNRPG	1	SNRPG	
QTRT1	1	QTRT1	
USP54	1	USP54	
RPLP0	1	RPLP0	
IL6ST	1	IL6ST	
B3GALT5-AS1	1	B3GALT5-AS1	
GLIPR2	1	GLIPR2	
PRELP	1	PRELP	
STS	1	STS	
RGS6	1	RGS6	
C1QB	1	C1QB	
NADK2	1	NADK2	
VCL	1	VCL	
STOM	1	STOM	
OSGEP	1	OSGEP	
SGPP1	1	SGPP1	
KLF6	1	KLF6	
ADAMTS9	1	ADAMTS9	
SCAMP4	1	SCAMP4	
IL16	1	IL16	
PPP4R1	1	PPP4R1	
SLC44A1	1	SLC44A1	
TLE3	1	TLE3	
IFI27L2	1	IFI27L2	
PNO1	1	PNO1	
IRAG1	1	MRVI1	
CRTAP	1	CRTAP	
MCC	1	MCC	
TAP1	1	TAP1	
SLC35F6	1	SLC35F6	
NUDT5	1	NUDT5	
IQCK	1	IQCK	
PHGDH	1	PHGDH	
TMEM54	1	TMEM54	
GPR34	1	GPR34	
TOB1	1	TOB1	
CD81	1	CD81	
TMEM138	1	TMEM138	
MVB12B	1	MVB12B	
NFIC	1	NFIC	
BANF1	1	BANF1	
RBM38	1	RBM38	
NFIX	1	NFIX	
PKIG	1	PKIG	
MAP3K2	1	MAP3K2	
MLC1	1	MLC1	
ZNF706	1	ZNF706	
RAMP1	1	RAMP1	
CALD1	1	CALD1	
ATP8B2	1	ATP8B2	
FERMT2	1	FERMT2	
LDLR	1	LDLR	
ZFP36L1	1	ZFP36L1	
STARD7	1	STARD7	
CHST3	1	CHST3	
RNPEP	1	RNPEP	
PNP	1	PNP	
RAB5C	1	RAB5C	
MFSD2A	1	MFSD2A	
SYPL1	1	SYPL1	
UNC50	1	UNC50	
SNHG9	1	SNHG9	
LAMB2	1	LAMB2	
FAM27C	1	FAM27C	
PTPN1	1	PTPN1	
CYB5B	1	CYB5B	
GADD45A	1	GADD45A	
FXYD1	1	FXYD1	
CES2	1	CES2	
FAM89A	1	FAM89A	
TSPO	1	TSPO	
ECD	1	ECD	
CEP83	1	CEP83	
HMGN5	1	HMGN5	
HACD2	1	HACD2	
MFSD14B	1	MFSD14B	
PPP1R3D	1	PPP1R3D	
PPP1R14B	1	PPP1R14B	
OGG1	1	OGG1	
GTF2A2	1	GTF2A2	
LY86	1	LY86	
DUS3L	1	DUS3L	
DNPH1	1	DNPH1	
ATP6V0E1	1	ATP6V0E1	
NEBL	1	NEBL	
ITM2B	1	ITM2B	
TXNRD1	1	TXNRD1	
ZNF664	1	ZNF664	
RGMA	1	RGMA	
ITPKB	1	ITPKB	
SPATA24	1	SPATA24	
YBX1	1	YBX1	
TSC22D4	1	TSC22D4	
PXDN	1	PXDN	
LIMK2	1	LIMK2	
CLDN10	1	CLDN10	
HMGCS1	1	HMGCS1	
OSBPL11	1	OSBPL11	
PYCR2	1	PYCR2	
ADCY2	1	ADCY2	
CST3	1	CST3	
FCGRT	1	FCGRT	
NUP85	1	NUP85	
TRIM4	1	TRIM4	
HLA-DPB1	1	HLA-DPB1	
EWSR1	1	EWSR1	
HYI	1	HYI	
RRAS	1	RRAS	
ODAD3	1	CCDC151	
GNPTG	1	GNPTG	
LRAT	1	LRAT	
SNAPIN	1	SNAPIN	
PPP6R3	1	PPP6R3	
HCLS1	1	HCLS1	
KREMEN1	1	KREMEN1	
ID4	1	ID4	
GALNT8	1	GALNT8	
DAG1	1	DAG1	
PTGDS	1	PTGDS	
ZFP36L2	1	ZFP36L2	
MIDN	1	MIDN	
RIPK2	1	RIPK2	
MFHAS1	1	MFHAS1	
SLC2A5	1	SLC2A5	
TMEM47	1	TMEM47	
SLC24A4	1	SLC24A4	
HLA-DQA1	1	HLA-DQA1	
SPEF1	1	SPEF1	
CREG1	1	CREG1	
ABCE1	1	ABCE1	
ACAP1	1	ACAP1	
MAPK4	1	MAPK4	
MAPKAPK2	1	MAPKAPK2	
NPC2	1	NPC2	
COMT	1	COMT	
MAP3K13	1	MAP3K13	
PLGRKT	1	PLGRKT	
DDX56	1	DDX56	
FMC1	1	FMC1	
RAMP2	1	RAMP2	
KHDC1	1	KHDC1	
MORN2	1	MORN2	
TNS1	1	TNS1	
SAT1	1	SAT1	
LIMS1	1	LIMS1	
TBC1D22A	1	TBC1D22A	
HDGF	1	HDGF	
LTBP3	1	LTBP3	
SOD2	1	SOD2	
RAVER2	1	RAVER2	
PSENEN	1	PSENEN	
SOX9	1	SOX9	
TAX1BP3	1	TAX1BP3	
AQP4-AS1	1	AQP4-AS1	
EPHX2	1	EPHX2	
RBM3	1	RBM3	
GATM	1	GATM	
PPP1R18	1	PPP1R18	
LPCAT2	1	LPCAT2	
GJA1	1	GJA1	
GLRX	1	GLRX	
SEPTIN2	1	SEPTIN2	
SEPTIN9	1	SEPTIN9	
IRF9	1	IRF9	
TRIL	1	TRIL	
LRRN1	1	LRRN1	
TRIM47	1	TRIM47	
LMNA	1	LMNA	
HIF1A	1	HIF1A	
SPX	1	SPX	
CYBB	1	CYBB	
SULT1C4	1	SULT1C4	
OXA1L	1	OXA1L	
KCTD3	1	KCTD3	
MIR497HG	1	MIR497HG	
RHOB	1	RHOB	
ENKUR	1	ENKUR	
EIF4A3	1	EIF4A3	
FBXO32	1	FBXO32	
KBTBD2	1	KBTBD2	
ASCL1	1	ASCL1	
LPP	1	LPP	
ABHD5	1	ABHD5	
C10orf105	1	C10orf105	
SMIM15	1	SMIM15	
BAG3	1	BAG3	
PCNX2	1	PCNX2	
FUCA2	1	FUCA2	
NAMPT	1	NAMPT	
CETN2	1	CETN2	
FAM181B	1	FAM181B	
SMIM4	1	SMIM4	
SRSF4	1	SRSF4	
MAP3K20	1	MAP3K20	
ICAM1	1	ICAM1	
JUN	1	JUN	
GSTT2B	1	GSTT2B	
GMPR	1	GMPR	
GSN	1	GSN	
MSMO1	1	MSMO1	
TIPARP	1	TIPARP	
RAMP3	1	RAMP3	
ADIRF	1	ADIRF	
CD74	1	CD74	
OSGIN2	1	OSGIN2	
DSC2	1	DSC2	
ATRAID	1	ATRAID	
TESK1	1	TESK1	
ALDH1A1	1	ALDH1A1	
GORASP1	1	GORASP1	
CTSH	1	CTSH	
ABI3BP	1	ABI3BP	
UNG	1	UNG	
SCGN	1	SCGN	
GGT5	1	GGT5	
TMBIM1	1	TMBIM1	
IDI1	1	IDI1	
NEBL-AS1	1	NEBL-AS1	
EFHC1	1	EFHC1	
BBS2	1	BBS2	
CLDN5	1	CLDN5	
ARHGAP31	1	ARHGAP31	
SOAT1	1	SOAT1	
GPD1	1	GPD1	
USP4	1	USP4	
LMCD1	1	LMCD1	
BCKDHB	1	BCKDHB	
KLF10	1	KLF10	
INSIG1	1	INSIG1	
NUDT4	1	NUDT4	
SRGN	1	SRGN	
FAAP20	1	FAAP20	
TCN2	1	TCN2	
GIHCG	1	GIHCG	
MYCBP	1	MYCBP	
SPA17	1	SPA17	
STK36	1	STK36	
CEBPD	1	CEBPD	
MARCHF3	1	MARCH3	
SLC43A2	1	SLC43A2	
TPST1	1	TPST1	
EZR	1	EZR	
AK1	1	AK1	
PRCP	1	PRCP	
TRIM22	1	TRIM22	
PFKFB3	1	PFKFB3	
PROM1	1	PROM1	
ARHGEF26	1	ARHGEF26	
BTG3	1	BTG3	
CYP4F11	1	CYP4F11	
CARS1	1	CARS	
ZNF436-AS1	1	ZNF436-AS1	
SCARA3	1	SCARA3	
COL6A1	1	COL6A1	
LIFR	1	LIFR	
RGL2	1	RGL2	
EIF4A1	1	EIF4A1	
CLU	1	CLU	
CRB2	1	CRB2	
ARRDC4	1	ARRDC4	
ACSS1	1	ACSS1	
MT1F	1	MT1F	
H3-3B	1	H3F3B	
RIBC1	1	RIBC1	
SLC7A11	1	SLC7A11	
YTHDF1	1	YTHDF1	
ZDHHC1	1	ZDHHC1	
RFX4	1	RFX4	
HSPA1A	1	HSPA1A	
FJX1	1	FJX1	
COQ8A	1	COQ8A	
PLEKHA7	1	PLEKHA7	
SPPL2A	1	SPPL2A	
ZNF487	1	ZNF487	
SERPINB1	1	SERPINB1	
HSPB1	1	HSPB1	
SLC2A1	1	SLC2A1	
MDK	1	MDK	
HDAC7	1	HDAC7	
LRTOMT	1	LRTOMT	
PXYLP1	1	PXYLP1	
FRMD5	1	FRMD5	
CD14	1	CD14	
IFI30	1	IFI30	
S100A16	1	S100A16	
COL16A1	1	COL16A1	
DTX3L	1	DTX3L	
WWOX	1	WWOX	
SDS	1	SDS	
LRRC8A	1	LRRC8A	
PIM1	1	PIM1	
MKNK2	1	MKNK2	
PNPLA4	1	PNPLA4	
CD44	1	CD44	
PSD2	1	PSD2	
MXRA8	1	MXRA8	
ETFRF1	1	ETFRF1	
TLCD3A	1	TLCD3A	
IFI27L1	1	IFI27L1	
FAM89B	1	FAM89B	
SERPINF1	1	SERPINF1	
HLA-C	1	HLA-C	
TSPAN6	1	TSPAN6	
KLHL15	1	KLHL15	
CFAP300	1	CFAP300	
APOL6	1	APOL6	
ITGB2	1	ITGB2	
FAM107A	1	FAM107A	
MRPL53	1	MRPL53	
CSRNP1	1	CSRNP1	
PLAAT4	1	PLAAT4	
C8orf34	1	C8orf34	
TRIM14	1	TRIM14	
MSX1	1	MSX1	
SLC16A1	1	SLC16A1	
UBALD2	1	UBALD2	
FBLN5	1	FBLN5	
PADI2	1	PADI2	
IFI27	1	IFI27	
HNMT	1	HNMT	
STON1	1	STON1	
TPPP3	1	TPPP3	
HLA-E	1	HLA-E	
AGT	1	AGT	
IGFBP7	1	IGFBP7	
ORAI3	1	ORAI3	
PYGL	1	PYGL	
MRC2	1	MRC2	
TRIM9	1	TRIM9	
ERF	1	ERF	
TWSG1	1	TWSG1	
TXNIP	1	TXNIP	
EXPH5	1	EXPH5	
ELOVL5	1	ELOVL5	
POLR2H	1	POLR2H	
PIFO	1	PIFO	
GNG5	1	GNG5	
C2orf88	1	C2orf88	
DAB2	1	DAB2	
ZIC2	1	ZIC2	
JUNB	1	JUNB	
DUSP1	1	DUSP1	
CYP1B1	1	CYP1B1	
SLC7A2	1	SLC7A2	
CRYAB	1	CRYAB	
SLC16A9	1	SLC16A9	
DNAI4	1	WDR78	
SDC4	1	SDC4	
ETHE1	1	ETHE1	
C11orf96	1	C11orf96	
NWD1	1	NWD1	
CD24	1	CD24	
TMEM231	1	TMEM231	
LCAT	1	LCAT	
RASD1	1	RASD1	
COLEC12	1	COLEC12	
GLB1L	1	GLB1L	
DYNLT1	1	DYNLT1	
MLF1	1	MLF1	
AVP	1	AVP	
SNTB2	1	SNTB2	
NT5DC2	1	NT5DC2	
SCRG1	1	SCRG1	
CEBPB	1	CEBPB	
SLC39A14	1	SLC39A14	
FABP5	1	FABP5	
F3	1	F3	
MDM1	1	MDM1	
IQCG	1	IQCG	
CLIC4	1	CLIC4	
EGFL8	1	EGFL8	
FOS	1	FOS	
MDFIC	1	MDFIC	
TIMP1	1	TIMP1	
NFKBIA	1	NFKBIA	
PLTP	1	PLTP	
KCNA5	1	KCNA5	
CMTM3	1	CMTM3	
TNFRSF1A	1	TNFRSF1A	
NEAT1	1	NEAT1	
MYLK	1	MYLK	
YBX3	1	YBX3	
SLC1A5	1	SLC1A5	
LRRC23	1	LRRC23	
ADCY8	1	ADCY8	
MYL9	1	MYL9	
FCGR2A	1	FCGR2A	
HSPB8	1	HSPB8	
CNN3	1	CNN3	
C5orf49	1	C5orf49	
DEPP1	1	DEPP1	
IFITM3	1	IFITM3	
RBPMS	1	RBPMS	
TJP2	1	TJP2	
SERPINA3	1	SERPINA3	
COL18A1	1	COL18A1	
PDLIM4	1	PDLIM4	
FOXJ1	1	FOXJ1	
ID3	1	ID3	
MT1E	1	MT1E	
HILPDA	1	HILPDA	
IER2	1	IER2	
SFRP2	1	SFRP2	
OGN	1	OGN	
SERPING1	1	SERPING1	
ANO6	1	ANO6	
DYNLRB2	1	DYNLRB2	
ELN	1	ELN	
MT2A	1	MT2A	
GADD45B	1	GADD45B	
MT1M	1	MT1M	
EMP1	1	EMP1	
ANXA2	1	ANXA2	
MT1X	1	MT1X	
BAALC-AS1	1	BAALC-AS1	
MAN1C1	1	MAN1C1	
VIM	1	VIM	
C9orf24	1	C9orf24	
CFAP126	1	CFAP126	
ARMC3	1	ARMC3	
CRLF1	1	CRLF1	
CLXN	1	EFCAB1	
CAPS	1	CAPS	
CFAP276	1	C1orf194	
CCL2	1	CCL2	
MGP	1	MGP	
ZFP36	1	ZFP36	
CHI3L2	1	CHI3L2	
