NAME	SYMBOL	TITLE	RANK IN GENE LIST	RANK METRIC SCORE	RUNNING ES	CORE ENRICHMENT	
row_0	LUM	lumican [Source:HGNC Symbol;Acc:HGNC:6724]	191	1.060808777809143	-0.0020832422	No	
row_1	CYP26B1	cytochrome P450 family 26 subfamily B member 1 [Source:HGNC Symbol;Acc:HGNC:20581]	226	1.00997793674469	0.006740139	No	
row_2	ADRA2A	adrenoceptor alpha 2A [Source:HGNC Symbol;Acc:HGNC:281]	291	0.9311196804046631	0.012487734	No	
row_3	APOC1	apolipoprotein C1 [Source:HGNC Symbol;Acc:HGNC:607]	443	0.8115994334220886	0.010537892	No	
row_4	RSPO3	R-spondin 3 [Source:HGNC Symbol;Acc:HGNC:20866]	660	0.7027496695518494	0.0026181596	No	
row_5	ZNF226	zinc finger protein 226 [Source:HGNC Symbol;Acc:HGNC:13019]	2209	0.4097716808319092	-0.105943315	No	
row_6	FUCA1	alpha-L-fucosidase 1 [Source:HGNC Symbol;Acc:HGNC:4006]	3236	0.3205395042896271	-0.1773488	No	
row_7	FAM20A	FAM20A golgi associated secretory pathway pseudokinase [Source:HGNC Symbol;Acc:HGNC:23015]	3695	0.2884894907474518	-0.2075957	No	
row_8	GABBR1	gamma-aminobutyric acid type B receptor subunit 1 [Source:HGNC Symbol;Acc:HGNC:4070]	3923	0.2744736969470978	-0.22111481	No	
row_9	COL8A2	collagen type VIII alpha 2 chain [Source:HGNC Symbol;Acc:HGNC:2216]	4471	0.24119459092617035	-0.25839666	No	
row_10	COX7A1	cytochrome c oxidase subunit 7A1 [Source:HGNC Symbol;Acc:HGNC:2287]	5094	0.20489364862442017	-0.301567	No	
row_11	THY1	Thy-1 cell surface antigen [Source:HGNC Symbol;Acc:HGNC:11801]	5249	0.19533821940422058	-0.3106363	No	
row_12	RND3	Rho family GTPase 3 [Source:HGNC Symbol;Acc:HGNC:671]	5531	0.18200184404850006	-0.3291379	No	
row_13	SLC1A3	solute carrier family 1 member 3 [Source:HGNC Symbol;Acc:HGNC:10941]	5709	0.17252716422080994	-0.3401438	No	
row_14	CTSL	cathepsin L [Source:HGNC Symbol;Acc:HGNC:2537]	5993	0.1584501415491104	-0.35905528	No	
row_15	IDH1	isocitrate dehydrogenase (NADP(+)) 1 [Source:HGNC Symbol;Acc:HGNC:5382]	6075	0.15459772944450378	-0.3632449	No	
row_16	ATOX1	antioxidant 1 copper chaperone [Source:HGNC Symbol;Acc:HGNC:798]	6430	0.13592839241027832	-0.38759822	No	
row_17	NAGK	N-acetylglucosamine kinase [Source:HGNC Symbol;Acc:HGNC:17174]	6680	0.12360864132642746	-0.4044146	No	
row_18	TRIM47	tripartite motif containing 47 [Source:HGNC Symbol;Acc:HGNC:19020]	6834	0.11539600789546967	-0.41430593	No	
row_19	IL33	interleukin 33 [Source:HGNC Symbol;Acc:HGNC:16028]	6909	0.11106830835342407	-0.41847128	No	
row_20	SPRED1	sprouty related EVH1 domain containing 1 [Source:HGNC Symbol;Acc:HGNC:20249]	7304	0.09034077823162079	-0.4462588	No	
row_21	TMEM176B	transmembrane protein 176B [Source:HGNC Symbol;Acc:HGNC:29596]	7505	0.07886862009763718	-0.45999455	No	
row_22	COL6A1	collagen type VI alpha 1 chain [Source:HGNC Symbol;Acc:HGNC:2211]	7630	0.07215331494808197	-0.4682503	No	
row_23	APOE	apolipoprotein E [Source:HGNC Symbol;Acc:HGNC:613]	7707	0.06843938678503036	-0.47303915	No	
row_24	NR1H3	nuclear receptor subfamily 1 group H member 3 [Source:HGNC Symbol;Acc:HGNC:7966]	8021	0.05207761377096176	-0.4953345	No	
row_25	DHRS7B	dehydrogenase/reductase 7B [Source:HGNC Symbol;Acc:HGNC:24547]	8087	0.0480063371360302	-0.49954808	No	
row_26	GUCY1B1	guanylate cyclase 1 soluble subunit beta 1 [Source:HGNC Symbol;Acc:HGNC:4687]	8102	0.047004517167806625	-0.5000451	No	
row_27	RPE	ribulose-5-phosphate-3-epimerase [Source:HGNC Symbol;Acc:HGNC:10293]	8107	0.0468268021941185	-0.49981317	No	
row_28	PLA2G4C	phospholipase A2 group IVC [Source:HGNC Symbol;Acc:HGNC:9037]	8158	0.04434705525636673	-0.50297135	No	
row_29	SPARCL1	SPARC like 1 [Source:HGNC Symbol;Acc:HGNC:11220]	8532	0.023470817133784294	-0.5299726	No	
row_30	MFAP4	microfibril associated protein 4 [Source:HGNC Symbol;Acc:HGNC:7035]	8741	0.010496816597878933	-0.54505867	No	
row_31	TMEM163	transmembrane protein 163 [Source:HGNC Symbol;Acc:HGNC:25380]	8870	0.0035265812184661627	-0.55437523	No	
row_32	LOXL1	lysyl oxidase like 1 [Source:HGNC Symbol;Acc:HGNC:6665]	8919	4.7484843526035547E-4	-0.55787843	No	
row_33	CTTNBP2NL	CTTNBP2 N-terminal like [Source:HGNC Symbol;Acc:HGNC:25330]	8977	-0.0025391215458512306	-0.5620163	No	
row_34	PPIC	peptidylprolyl isomerase C [Source:HGNC Symbol;Acc:HGNC:9256]	9009	-0.005270665977150202	-0.56422323	No	
row_35	MARCKS	myristoylated alanine rich protein kinase C substrate [Source:HGNC Symbol;Acc:HGNC:6759]	9038	-0.00780117604881525	-0.5661825	No	
row_36	TMEM176A	transmembrane protein 176A [Source:HGNC Symbol;Acc:HGNC:24930]	9064	-0.008896197192370892	-0.56791025	No	
row_37	ACKR1	atypical chemokine receptor 1 (Duffy blood group) [Source:HGNC Symbol;Acc:HGNC:4035]	9110	-0.012726892717182636	-0.571057	No	
row_38	CTHRC1	collagen triple helix repeat containing 1 [Source:HGNC Symbol;Acc:HGNC:18831]	9147	-0.014709623530507088	-0.5735237	No	
row_39	ANK2	ankyrin 2 [Source:HGNC Symbol;Acc:HGNC:493]	9329	-0.02719932794570923	-0.58644915	No	
row_40	GUCY1A1	guanylate cyclase 1 soluble subunit alpha 1 [Source:HGNC Symbol;Acc:HGNC:4685]	9362	-0.029084477573633194	-0.58846253	No	
row_41	COL12A1	collagen type XII alpha 1 chain [Source:HGNC Symbol;Acc:HGNC:2188]	9625	-0.04730933532118797	-0.60708344	No	
row_42	CDH11	cadherin 11 [Source:HGNC Symbol;Acc:HGNC:1750]	9770	-0.057481467723846436	-0.6169654	No	
row_43	ITGA9	integrin subunit alpha 9 [Source:HGNC Symbol;Acc:HGNC:6145]	9808	-0.06074896082282066	-0.61898965	No	
row_44	TNS3	tensin 3 [Source:HGNC Symbol;Acc:HGNC:21616]	9924	-0.06883740425109863	-0.6266247	No	
row_45	PAPSS2	3'-phosphoadenosine 5'-phosphosulfate synthase 2 [Source:HGNC Symbol;Acc:HGNC:8604]	10061	-0.07960852235555649	-0.6356742	No	
row_46	DOCK4	dedicator of cytokinesis 4 [Source:HGNC Symbol;Acc:HGNC:19192]	10130	-0.0867699384689331	-0.639673	No	
row_47	KCNMA1	potassium calcium-activated channel subfamily M alpha 1 [Source:HGNC Symbol;Acc:HGNC:6284]	10190	-0.09134459495544434	-0.64296275	No	
row_48	LAMC1	laminin subunit gamma 1 [Source:HGNC Symbol;Acc:HGNC:6492]	10436	-0.10895181447267532	-0.6596509	No	
row_49	FERMT2	FERM domain containing kindlin 2 [Source:HGNC Symbol;Acc:HGNC:15767]	10587	-0.12135008722543716	-0.66925627	No	
row_50	SPARC	secreted protein acidic and cysteine rich [Source:HGNC Symbol;Acc:HGNC:11219]	10650	-0.12694287300109863	-0.67236674	No	
row_51	ANKRD29	ankyrin repeat domain 29 [Source:HGNC Symbol;Acc:HGNC:27110]	10691	-0.13108906149864197	-0.6738227	No	
row_52	RGL1	ral guanine nucleotide dissociation stimulator like 1 [Source:HGNC Symbol;Acc:HGNC:30281]	10770	-0.13857664167881012	-0.67797244	No	
row_53	CD63	CD63 molecule [Source:HGNC Symbol;Acc:HGNC:1692]	10787	-0.14024890959262848	-0.6775716	No	
row_54	PDLIM5	PDZ and LIM domain 5 [Source:HGNC Symbol;Acc:HGNC:17468]	10883	-0.15214590728282928	-0.682812	No	
row_55	RRAS	RAS related [Source:HGNC Symbol;Acc:HGNC:10447]	10903	-0.15464112162590027	-0.68246925	No	
row_56	DEPP1	DEPP1 autophagy regulator [Source:HGNC Symbol;Acc:HGNC:23355]	11143	-0.17796117067337036	-0.69794613	No	
row_57	DPYSL3	dihydropyrimidinase like 3 [Source:HGNC Symbol;Acc:HGNC:3015]	11326	-0.199591726064682	-0.7090145	No	
row_58	FLRT2	fibronectin leucine rich transmembrane protein 2 [Source:HGNC Symbol;Acc:HGNC:3761]	11329	-0.19977311789989471	-0.70692384	No	
row_59	DAB2	DAB adaptor protein 2 [Source:HGNC Symbol;Acc:HGNC:2662]	11367	-0.2042635679244995	-0.7073412	No	
row_60	WDFY3	WD repeat and FYVE domain containing 3 [Source:HGNC Symbol;Acc:HGNC:20751]	11385	-0.20732128620147705	-0.70626247	No	
row_61	EPHX1	epoxide hydrolase 1 [Source:HGNC Symbol;Acc:HGNC:3401]	11495	-0.22134701907634735	-0.71175134	Yes	
row_62	SULF1	sulfatase 1 [Source:HGNC Symbol;Acc:HGNC:20391]	11509	-0.22443710267543793	-0.71018857	Yes	
row_63	IL18	interleukin 18 [Source:HGNC Symbol;Acc:HGNC:5986]	11534	-0.2275266945362091	-0.70939523	Yes	
row_64	CCDC102B	coiled-coil domain containing 102B [Source:HGNC Symbol;Acc:HGNC:26295]	11601	-0.23501844704151154	-0.71158797	Yes	
row_65	LAMB1	laminin subunit beta 1 [Source:HGNC Symbol;Acc:HGNC:6486]	11607	-0.2355383187532425	-0.70931613	Yes	
row_66	CLU	clusterin [Source:HGNC Symbol;Acc:HGNC:2095]	11628	-0.237458273768425	-0.7081192	Yes	
row_67	ABI3BP	ABI family member 3 binding protein [Source:HGNC Symbol;Acc:HGNC:17265]	11677	-0.24551084637641907	-0.7088788	Yes	
row_68	CYP27A1	cytochrome P450 family 27 subfamily A member 1 [Source:HGNC Symbol;Acc:HGNC:2605]	11731	-0.2526146173477173	-0.7099243	Yes	
row_69	SERPINH1	serpin family H member 1 [Source:HGNC Symbol;Acc:HGNC:1546]	11784	-0.2603728771209717	-0.7108098	Yes	
row_70	NPL	N-acetylneuraminate pyruvate lyase [Source:HGNC Symbol;Acc:HGNC:16781]	11817	-0.2663111388683319	-0.710167	Yes	
row_71	PGF	placental growth factor [Source:HGNC Symbol;Acc:HGNC:8893]	11856	-0.27112478017807007	-0.70990884	Yes	
row_72	TEAD2	TEA domain transcription factor 2 [Source:HGNC Symbol;Acc:HGNC:11715]	11893	-0.2777664363384247	-0.7094301	Yes	
row_73	CD93	CD93 molecule [Source:HGNC Symbol;Acc:HGNC:15855]	11905	-0.27970606088638306	-0.7071023	Yes	
row_74	FAM114A1	family with sequence similarity 114 member A1 [Source:HGNC Symbol;Acc:HGNC:25087]	11978	-0.29288554191589355	-0.7090857	Yes	
row_75	SLC40A1	solute carrier family 40 member 1 [Source:HGNC Symbol;Acc:HGNC:10909]	11987	-0.2951909303665161	-0.7063652	Yes	
row_76	EMCN	endomucin [Source:HGNC Symbol;Acc:HGNC:16041]	12006	-0.29846394062042236	-0.704339	Yes	
row_77	TPM1	tropomyosin 1 [Source:HGNC Symbol;Acc:HGNC:12010]	12034	-0.3040258288383484	-0.70290846	Yes	
row_78	PARVA	parvin alpha [Source:HGNC Symbol;Acc:HGNC:14652]	12044	-0.3058550953865051	-0.70014167	Yes	
row_79	WLS	Wnt ligand secretion mediator [Source:HGNC Symbol;Acc:HGNC:30238]	12049	-0.3060944080352783	-0.69700676	Yes	
row_80	SERPING1	serpin family G member 1 [Source:HGNC Symbol;Acc:HGNC:1228]	12067	-0.3088970482349396	-0.6947907	Yes	
row_81	GJA1	gap junction protein alpha 1 [Source:HGNC Symbol;Acc:HGNC:4274]	12107	-0.31706687808036804	-0.6940912	Yes	
row_82	FBN1	fibrillin 1 [Source:HGNC Symbol;Acc:HGNC:3603]	12113	-0.31807249784469604	-0.69089526	Yes	
row_83	CTSC	cathepsin C [Source:HGNC Symbol;Acc:HGNC:2528]	12117	-0.3189721405506134	-0.6875431	Yes	
row_84	CSRP2	cysteine and glycine rich protein 2 [Source:HGNC Symbol;Acc:HGNC:2470]	12212	-0.33806803822517395	-0.6906286	Yes	
row_85	C2	complement C2 [Source:HGNC Symbol;Acc:HGNC:1248]	12279	-0.3490220606327057	-0.6915449	Yes	
row_86	PLPP3	phospholipid phosphatase 3 [Source:HGNC Symbol;Acc:HGNC:9229]	12287	-0.3512573838233948	-0.6881235	Yes	
row_87	CXCL10	C-X-C motif chemokine ligand 10 [Source:HGNC Symbol;Acc:HGNC:10637]	12295	-0.3530019223690033	-0.68468267	Yes	
row_88	DCLK1	doublecortin like kinase 1 [Source:HGNC Symbol;Acc:HGNC:2700]	12306	-0.3536856472492218	-0.68145347	Yes	
row_89	KCNJ10	potassium inwardly rectifying channel subfamily J member 10 [Source:HGNC Symbol;Acc:HGNC:6256]	12360	-0.3673727214336395	-0.68121403	Yes	
row_90	P2RY13	purinergic receptor P2Y13 [Source:HGNC Symbol;Acc:HGNC:4537]	12423	-0.38138240575790405	-0.6814756	Yes	
row_91	C7	complement C7 [Source:HGNC Symbol;Acc:HGNC:1346]	12432	-0.3841504156589508	-0.67775905	Yes	
row_92	IRAK3	interleukin 1 receptor associated kinase 3 [Source:HGNC Symbol;Acc:HGNC:17020]	12434	-0.3846590518951416	-0.67352515	Yes	
row_93	EMILIN1	elastin microfibril interfacer 1 [Source:HGNC Symbol;Acc:HGNC:19880]	12435	-0.3851553499698639	-0.66921264	Yes	
row_94	CFH	complement factor H [Source:HGNC Symbol;Acc:HGNC:4883]	12468	-0.39307984709739685	-0.6671504	Yes	
row_95	TCIM	transcriptional and immune response regulator [Source:HGNC Symbol;Acc:HGNC:1357]	12478	-0.3957067131996155	-0.6633776	Yes	
row_96	ARHGAP29	Rho GTPase activating protein 29 [Source:HGNC Symbol;Acc:HGNC:30207]	12490	-0.3982561230659485	-0.6597224	Yes	
row_97	RHOBTB3	Rho related BTB domain containing 3 [Source:HGNC Symbol;Acc:HGNC:18757]	12504	-0.40153858065605164	-0.6561766	Yes	
row_98	CARMN	cardiac mesoderm enhancer-associated non-coding RNA [Source:HGNC Symbol;Acc:HGNC:42872]	12511	-0.40316665172576904	-0.652101	Yes	
row_99	HNMT	histamine N-methyltransferase [Source:HGNC Symbol;Acc:HGNC:5028]	12520	-0.40572524070739746	-0.64814293	Yes	
row_100	TLR4	toll like receptor 4 [Source:HGNC Symbol;Acc:HGNC:11850]	12528	-0.40815427899360657	-0.6440845	Yes	
row_101	NNMT	nicotinamide N-methyltransferase [Source:HGNC Symbol;Acc:HGNC:7861]	12537	-0.4114261865615845	-0.6400626	Yes	
row_102	PDGFRA	platelet derived growth factor receptor alpha [Source:HGNC Symbol;Acc:HGNC:8803]	12539	-0.4116414785385132	-0.6355266	Yes	
row_103	GASK1B	golgi associated kinase 1B [Source:HGNC Symbol;Acc:HGNC:25312]	12545	-0.41345086693763733	-0.6312627	Yes	
row_104	SMOC2	SPARC related modular calcium binding 2 [Source:HGNC Symbol;Acc:HGNC:20323]	12546	-0.41377365589141846	-0.62662977	Yes	
row_105	OSMR	oncostatin M receptor [Source:HGNC Symbol;Acc:HGNC:8507]	12565	-0.41986778378486633	-0.6232442	Yes	
row_106	C1QC	complement C1q C chain [Source:HGNC Symbol;Acc:HGNC:1245]	12572	-0.4205389618873596	-0.6189741	Yes	
row_107	ADGRL4	adhesion G protein-coupled receptor L4 [Source:HGNC Symbol;Acc:HGNC:20822]	12578	-0.42378130555152893	-0.6145945	Yes	
row_108	YAP1	Yes1 associated transcriptional regulator [Source:HGNC Symbol;Acc:HGNC:16262]	12591	-0.426319420337677	-0.6106982	Yes	
row_109	ARHGAP42	Rho GTPase activating protein 42 [Source:HGNC Symbol;Acc:HGNC:26545]	12644	-0.44000187516212463	-0.60957247	Yes	
row_110	TJP1	tight junction protein 1 [Source:HGNC Symbol;Acc:HGNC:11827]	12646	-0.44080469012260437	-0.60471	Yes	
row_111	RASSF4	Ras association domain family member 4 [Source:HGNC Symbol;Acc:HGNC:20793]	12650	-0.44141846895217896	-0.59998673	Yes	
row_112	SAMD9L	sterile alpha motif domain containing 9 like [Source:HGNC Symbol;Acc:HGNC:1349]	12692	-0.454345166683197	-0.59789634	Yes	
row_113	NFIB	nuclear factor I B [Source:HGNC Symbol;Acc:HGNC:7785]	12715	-0.4606022536754608	-0.5943471	Yes	
row_114	MXRA5	matrix remodeling associated 5 [Source:HGNC Symbol;Acc:HGNC:7539]	12721	-0.46133720874786377	-0.5895471	Yes	
row_115	ARHGEF10	Rho guanine nucleotide exchange factor 10 [Source:HGNC Symbol;Acc:HGNC:14103]	12736	-0.46505314111709595	-0.58536327	Yes	
row_116	RARRES2	retinoic acid receptor responder 2 [Source:HGNC Symbol;Acc:HGNC:9868]	12751	-0.4688057005405426	-0.5811374	Yes	
row_117	CDH5	cadherin 5 [Source:HGNC Symbol;Acc:HGNC:1764]	12769	-0.4728521704673767	-0.57708555	Yes	
row_118	VCAM1	vascular cell adhesion molecule 1 [Source:HGNC Symbol;Acc:HGNC:12663]	12781	-0.4776976406574249	-0.5725409	Yes	
row_119	CCDC80	coiled-coil domain containing 80 [Source:HGNC Symbol;Acc:HGNC:30649]	12794	-0.481341153383255	-0.5680285	Yes	
row_120	COL3A1	collagen type III alpha 1 chain [Source:HGNC Symbol;Acc:HGNC:2201]	12804	-0.4840106964111328	-0.56326693	Yes	
row_121	ADAMTS9	ADAM metallopeptidase with thrombospondin type 1 motif 9 [Source:HGNC Symbol;Acc:HGNC:13202]	12807	-0.4859886169433594	-0.5579716	Yes	
row_122	COL1A1	collagen type I alpha 1 chain [Source:HGNC Symbol;Acc:HGNC:2197]	12816	-0.49007049202919006	-0.5530691	Yes	
row_123	FSTL1	follistatin like 1 [Source:HGNC Symbol;Acc:HGNC:3972]	12827	-0.49487197399139404	-0.548259	Yes	
row_124	GPNMB	glycoprotein nmb [Source:HGNC Symbol;Acc:HGNC:4462]	12828	-0.49499544501304626	-0.5427166	Yes	
row_125	HSPB8	heat shock protein family B (small) member 8 [Source:HGNC Symbol;Acc:HGNC:30171]	12843	-0.4981316924095154	-0.53816247	Yes	
row_126	CFB	complement factor B [Source:HGNC Symbol;Acc:HGNC:1037]	12909	-0.523479163646698	-0.5370522	Yes	
row_127	FCHO2	FCH and mu domain containing endocytic adaptor 2 [Source:HGNC Symbol;Acc:HGNC:25180]	12912	-0.5248241424560547	-0.53132206	Yes	
row_128	LAMA4	laminin subunit alpha 4 [Source:HGNC Symbol;Acc:HGNC:6484]	12954	-0.5361492037773132	-0.5283157	Yes	
row_129	GPRC5B	G protein-coupled receptor class C group 5 member B [Source:HGNC Symbol;Acc:HGNC:13308]	12956	-0.5371165871620178	-0.5223748	Yes	
row_130	CYFIP1	cytoplasmic FMR1 interacting protein 1 [Source:HGNC Symbol;Acc:HGNC:13759]	12965	-0.5388380289077759	-0.5169262	Yes	
row_131	ITPRIPL2	ITPRIP like 2 [Source:HGNC Symbol;Acc:HGNC:27257]	12975	-0.5425511598587036	-0.51150924	Yes	
row_132	CYBRD1	cytochrome b reductase 1 [Source:HGNC Symbol;Acc:HGNC:20797]	12982	-0.5447978973388672	-0.50584775	Yes	
row_133	SEPTIN10	septin 10 [Source:HGNC Symbol;Acc:HGNC:14349]	13003	-0.5538482666015625	-0.5011083	Yes	
row_134	PTGDS	prostaglandin D2 synthase [Source:HGNC Symbol;Acc:HGNC:9592]	13050	-0.5692316293716431	-0.498097	Yes	
row_135	IGFBP7	insulin like growth factor binding protein 7 [Source:HGNC Symbol;Acc:HGNC:5476]	13064	-0.5753493905067444	-0.49260512	Yes	
row_136	NEXN	nexilin F-actin binding protein [Source:HGNC Symbol;Acc:HGNC:29557]	13099	-0.5881173014640808	-0.48850524	Yes	
row_137	IFI27	interferon alpha inducible protein 27 [Source:HGNC Symbol;Acc:HGNC:5397]	13107	-0.5907590985298157	-0.48240227	Yes	
row_138	TANC1	tetratricopeptide repeat, ankyrin repeat and coiled-coil containing 1 [Source:HGNC Symbol;Acc:HGNC:29364]	13120	-0.5981125235557556	-0.4765824	Yes	
row_139	TNS1	tensin 1 [Source:HGNC Symbol;Acc:HGNC:11973]	13141	-0.6067632436752319	-0.47125044	Yes	
row_140	CAV2	caveolin 2 [Source:HGNC Symbol;Acc:HGNC:1528]	13167	-0.6159742474555969	-0.46618083	Yes	
row_141	CYP1B1	cytochrome P450 family 1 subfamily B member 1 [Source:HGNC Symbol;Acc:HGNC:2597]	13169	-0.616952121257782	-0.459346	Yes	
row_142	ANTXR1	ANTXR cell adhesion molecule 1 [Source:HGNC Symbol;Acc:HGNC:21014]	13216	-0.635826826095581	-0.45558906	Yes	
row_143	ADAMTS1	ADAM metallopeptidase with thrombospondin type 1 motif 1 [Source:HGNC Symbol;Acc:HGNC:217]	13217	-0.6360541582107544	-0.44846725	Yes	
row_144	FN1	fibronectin 1 [Source:HGNC Symbol;Acc:HGNC:3778]	13220	-0.637306809425354	-0.44147763	Yes	
row_145	LIFR	LIF receptor subunit alpha [Source:HGNC Symbol;Acc:HGNC:6597]	13268	-0.6553656458854675	-0.437575	Yes	
row_146	PCOLCE	procollagen C-endopeptidase enhancer [Source:HGNC Symbol;Acc:HGNC:8738]	13271	-0.65619957447052	-0.43037382	Yes	
row_147	CHI3L1	chitinase 3 like 1 [Source:HGNC Symbol;Acc:HGNC:1932]	13277	-0.6593384742736816	-0.42335677	Yes	
row_148	RAB13	RAB13, member RAS oncogene family [Source:HGNC Symbol;Acc:HGNC:9762]	13286	-0.6638095378875732	-0.41650894	Yes	
row_149	CXCL12	C-X-C motif chemokine ligand 12 [Source:HGNC Symbol;Acc:HGNC:10672]	13289	-0.66609787940979	-0.4091969	Yes	
row_150	TNC	tenascin C [Source:HGNC Symbol;Acc:HGNC:5318]	13290	-0.6663604378700256	-0.40173578	Yes	
row_151	C1QB	complement C1q B chain [Source:HGNC Symbol;Acc:HGNC:1242]	13307	-0.6720542311668396	-0.39538038	Yes	
row_152	CCL14	C-C motif chemokine ligand 14 [Source:HGNC Symbol;Acc:HGNC:10612]	13325	-0.6814994812011719	-0.38899234	Yes	
row_153	COL15A1	collagen type XV alpha 1 chain [Source:HGNC Symbol;Acc:HGNC:2192]	13339	-0.6874225735664368	-0.38224557	Yes	
row_154	LPAR1	lysophosphatidic acid receptor 1 [Source:HGNC Symbol;Acc:HGNC:3166]	13340	-0.6886957883834839	-0.37453434	Yes	
row_155	ADGRF5	adhesion G protein-coupled receptor F5 [Source:HGNC Symbol;Acc:HGNC:19030]	13352	-0.6950085163116455	-0.36755648	Yes	
row_156	KCTD12	potassium channel tetramerization domain containing 12 [Source:HGNC Symbol;Acc:HGNC:14678]	13360	-0.6991862058639526	-0.36023945	Yes	
row_157	COL1A2	collagen type I alpha 2 chain [Source:HGNC Symbol;Acc:HGNC:2198]	13361	-0.6992494463920593	-0.35241005	Yes	
row_158	SLCO2B1	solute carrier organic anion transporter family member 2B1 [Source:HGNC Symbol;Acc:HGNC:10962]	13373	-0.7062222957611084	-0.3453066	Yes	
row_159	HSPG2	heparan sulfate proteoglycan 2 [Source:HGNC Symbol;Acc:HGNC:5273]	13402	-0.72697913646698	-0.33921337	Yes	
row_160	ACVRL1	activin A receptor like type 1 [Source:HGNC Symbol;Acc:HGNC:175]	13412	-0.7301924228668213	-0.33169535	Yes	
row_161	ACTA2	actin alpha 2, smooth muscle [Source:HGNC Symbol;Acc:HGNC:130]	13431	-0.7408731579780579	-0.32471558	Yes	
row_162	CCL2	C-C motif chemokine ligand 2 [Source:HGNC Symbol;Acc:HGNC:10618]	13432	-0.7414982318878174	-0.31641313	Yes	
row_163	MYL9	myosin light chain 9 [Source:HGNC Symbol;Acc:HGNC:15754]	13452	-0.7585886716842651	-0.3093081	Yes	
row_164	CMKLR1	chemerin chemokine-like receptor 1 [Source:HGNC Symbol;Acc:HGNC:2121]	13461	-0.7638192176818848	-0.3013405	Yes	
row_165	CALD1	caldesmon 1 [Source:HGNC Symbol;Acc:HGNC:1441]	13484	-0.7820789813995361	-0.29419175	Yes	
row_166	CLMP	CXADR like membrane protein [Source:HGNC Symbol;Acc:HGNC:24039]	13488	-0.7859178781509399	-0.2856112	Yes	
row_167	RGS5	regulator of G protein signaling 5 [Source:HGNC Symbol;Acc:HGNC:10001]	13504	-0.7936996817588806	-0.27782068	Yes	
row_168	C1QA	complement C1q A chain [Source:HGNC Symbol;Acc:HGNC:1241]	13526	-0.8084560036659241	-0.2703035	Yes	
row_169	ENG	endoglin [Source:HGNC Symbol;Acc:HGNC:3349]	13527	-0.8090715408325195	-0.26124442	Yes	
row_170	COL4A1	collagen type IV alpha 1 chain [Source:HGNC Symbol;Acc:HGNC:2202]	13545	-0.8261005878448486	-0.2532373	Yes	
row_171	RBPMS	RNA binding protein, mRNA processing factor [Source:HGNC Symbol;Acc:HGNC:19097]	13568	-0.8442191481590271	-0.24539277	Yes	
row_172	PRRX1	paired related homeobox 1 [Source:HGNC Symbol;Acc:HGNC:9142]	13575	-0.8506618738174438	-0.2363066	Yes	
row_173	PDPN	podoplanin [Source:HGNC Symbol;Acc:HGNC:29602]	13580	-0.8536103963851929	-0.22704121	Yes	
row_174	S1PR3	sphingosine-1-phosphate receptor 3 [Source:HGNC Symbol;Acc:HGNC:3167]	13582	-0.854232132434845	-0.21754959	Yes	
row_175	PMP22	peripheral myelin protein 22 [Source:HGNC Symbol;Acc:HGNC:9118]	13592	-0.8655195236206055	-0.20851633	Yes	
row_176	C3	complement C3 [Source:HGNC Symbol;Acc:HGNC:1318]	13609	-0.8842568397521973	-0.19978493	Yes	
row_177	FAM107A	family with sequence similarity 107 member A [Source:HGNC Symbol;Acc:HGNC:30827]	13630	-0.9005138874053955	-0.1911639	Yes	
row_178	A2M	alpha-2-macroglobulin [Source:HGNC Symbol;Acc:HGNC:7]	13631	-0.9015573263168335	-0.18106928	Yes	
row_179	C1R	complement C1r [Source:HGNC Symbol;Acc:HGNC:1246]	13633	-0.9017365574836731	-0.17104577	Yes	
row_180	RAI14	retinoic acid induced 14 [Source:HGNC Symbol;Acc:HGNC:14873]	13670	-0.9433971643447876	-0.16311407	Yes	
row_181	VWF	von Willebrand factor [Source:HGNC Symbol;Acc:HGNC:12726]	13676	-0.9504402875900269	-0.15283759	Yes	
row_182	TAGLN	transgelin [Source:HGNC Symbol;Acc:HGNC:11553]	13677	-0.9509142637252808	-0.14219034	Yes	
row_183	ENPP2	ectonucleotide pyrophosphatase/phosphodiesterase 2 [Source:HGNC Symbol;Acc:HGNC:3357]	13711	-0.9955757856369019	-0.13345513	Yes	
row_184	CAVIN1	caveolae associated protein 1 [Source:HGNC Symbol;Acc:HGNC:9688]	13728	-1.0164763927459717	-0.12324329	Yes	
row_185	PLD1	phospholipase D1 [Source:HGNC Symbol;Acc:HGNC:9067]	13742	-1.0452643632888794	-0.112489834	Yes	
row_186	WWTR1	WW domain containing transcription regulator 1 [Source:HGNC Symbol;Acc:HGNC:24042]	13746	-1.053442120552063	-0.100913875	Yes	
row_187	NR2F2	nuclear receptor subfamily 2 group F member 2 [Source:HGNC Symbol;Acc:HGNC:7976]	13748	-1.0576393604278564	-0.08914473	Yes	
row_188	C1S	complement C1s [Source:HGNC Symbol;Acc:HGNC:1247]	13768	-1.111138939857483	-0.078092255	Yes	
row_189	COL4A2	collagen type IV alpha 2 chain [Source:HGNC Symbol;Acc:HGNC:2203]	13781	-1.1416425704956055	-0.06618657	Yes	
row_190	CCL19	C-C motif chemokine ligand 19 [Source:HGNC Symbol;Acc:HGNC:10617]	13804	-1.1836106777191162	-0.05454192	Yes	
row_191	IGFBP5	insulin like growth factor binding protein 5 [Source:HGNC Symbol;Acc:HGNC:5474]	13829	-1.2701767683029175	-0.04207419	Yes	
row_192	DDR2	discoidin domain receptor tyrosine kinase 2 [Source:HGNC Symbol;Acc:HGNC:2731]	13835	-1.3093615770339966	-0.027778922	Yes	
row_193	MYLK	myosin light chain kinase [Source:HGNC Symbol;Acc:HGNC:7590]	13840	-1.326658010482788	-0.013216897	Yes	
row_194	CP	ceruloplasmin [Source:HGNC Symbol;Acc:HGNC:2295]	13852	-1.4023252725601196	0.0016807048	Yes	
